,reviews
0,아 이거 왜 안됨 내가 하다하다 못해 카카오 스토리도 지우고 다 정리하고 그랬는데 용량이 많은데 카카오 페이지가 다운이 안됨 이거 왜이래 
1,새방식이 좋다는 사람은 대부분 알바임 더 불편하고 비싸짐 이전처럼 이용권 사는방식이 더 좋습니다 이제 대여권 미리 사놓고 못봄 무조건 3일안에 다 봐야됨 게다가 너만무 소장 대여권 할인도 없어짐 추가 \) 이어보기가 자동으로 다음편으로 넘어가는 것도 너무 불편함 
2,이거 진짜 혁명앱인데 내가 진짜 일반 모바일 결제앱 쓰다가 빡쳐서 후 우연히 토스 발견하고 시험삼아 해봤다 \? 근데 뭐지 이거 \? 너무 편한거야 뭐야 돈 보내진건가 \? 진짜 \? 이게 끝 \? 헐 이랬다니까 진짜 하 진짜 말이 필요없죠 제발 쓰세요 제발 내가 이것만큼 은혜롭고 편리한앱을 보질 못했어 내가 이런앱은 널리널리 퍼트림이 마땅하다 
3,저 이벤트 게임 그거 레벨 10레벨 다 됐눈데 캐시 왜 안오나요 \? 10레벨이 넘어야 하나요 \? 
4,"엠티비도 이걸로 걷음 대학생 필수앱 더치페이 핵쉬움 , , "
5,닉네임을 쓰고 확인을 누르니 오류가 생겼데요 이런 장애같은 경우가
6,문화상품권을 구매하면 등록해둔 계좌에서 돈이빠져나가는건가요 \? 
7,내 폰으로 다운 안 돼서 가족 폰으로 봤는데 짱 재미있어요 ! ! ! 
8,업데이트후 버전확인표시만나고 안들어가져요 삭제재설치 재부팅다해봤어요 점심먹으러갔나요 해결안해요 \? 누구놀리는건가요 점검끝나고 다시 버전확인무한반복이네요 점검을머했다는건지 
9,"혜택 이벤트 버그투성이입니다 앱 받고 켜기 , 게임 사전예약 등등 해봐도 포인트 적립문구커녕 하나 안 뜹니다 그 밖에도 행운퀴즈 알람도 설정해놔도 알람 안 뜨구요 앱 지웠다 깔아도 마찬가지입니다 이러고 방치 해둘거면 혜택 이벤트 뭐하러 만들어놨는지 이해가 안 가네요 그냥 지우세요 없는 것만 못하는 이벤트니까"
10,무료캐시 하나 똑바로 못 주네요 앱 깔라해서 깔고 다시 들어갔더니 이미 설치가 되어있다네 \? 
11,제가 원래 650캐시가 있었는데 다음날 와보니 350캐시가 있었어요 뭐죠 \? \? \? 전 쓴적 없는데 답변바랍니다 
12,아니 사천성 2시간동안 다운 받았는데 로그인도 하고 근데 왜 캐시 안주냐고요 이따구로 관리하지마세요 이런 적이 한 두 번도 아니고 
13,제가 폰밑쪽 부분이 안먹어서 처음 동의할때 동의버튼을 못눌러서 사용하지 못하고있는데 자동회전기능좀 만들어주시면 감사하겠습니다
14,공짜 쿠키 준다고 이벤트 해놓고 막상 참여해서 쿠키 받았더니 쿠키제한을 걸어서 더이상 못받게함 이유를 물으니 주문취소를 반복하고 공짜쿠키 받는 악용 유저란다 2달동안 취소 3번한게 악용유저 \? 쿠팡에 물어보니 굉장히 정상범주에 포함된다며 이해가 안된다고 계속 따지고 했더니 쿠키제한 풀어주겠다더니 몇일이 지나도록 안풀어줌 또 메일 보냈더니 맨처음 보냈던 메일 붙여넣기 해서 보냄 나더러 악용유저 아 미치겠네 뭐하는 사람 들이지 \? 
15,"빛반사는 니네 개발 환경에서만 그런 거지 모든 사람이 그런 게 아니잖아 다른 운전면허증 등록 앱들이 어떻게 되어 있는지 한 번도 안 보고 기획했나 \? 다른 앱들에서 면허증 사진을 찍게 하는 이유는 그 자체가 인증을 위한 게 아님 그냥 입력 편의를 위해 사진 인식을 쓴 것일 뿐 원래 대부분의 인증에서 최종적인 정보는 유저가 입력한 것을 그대로 사용하는 게 아니고 , 인증만 되면 그 후로는 인증사에서 가져오는 것이기 때문에 , 근본적으로 사진은 필요가 없음 면허 인증이 아니고 기획자 지능 수준 인증인 것 "
16,회원가입하고 쿠키받았는데 갑자기 다 사라짐 그 앱 삭제한것도 아닌데 왜이런거죠 \? 
17,그저 잘 사용할뿐이고 써봐야 아는데 편리하네요 간단하고 
18,완전 짱 좋구여 만화두 무료 짱짱 ! 카카오 페이지 짱 
19,"신한은행에만 계좌있는데 하필이면 신한은행만 지원이 안되는게 너무 아쉽지만 , 상담도 칼답이고 친절하셔서 별5개 드립니당 이거 하려고 다른 은행에도 계좌 개설각 "
20,너무 화나요 토스 공인인증갱신 오류 투성이에 너무 불편해요 pc에서 공인인증서 전송하고 핸드폰에서 푸시열람해서 어플자동으로 들어가지만 비빌번호 입력하는창이 안떠요
21,"진짜 좋아요 ! ! 처음에 뭔가 불안해서 광고 무시했는데 , 친구들 쓰는거 보고 설치했더니 신세계가 열렸어요 굿 ! ! ! "
22,pass로 인해 결제시 많이 편리해졌어여 앱 깔지 않고도 바로 결제 할 수 있어 정말 좋네요 
23,정말 좋아요 ! 근데 컬쳐 문상이나 깊카로 쿠키를 구매할 수 있었으면 좋겠어요 그리고 무료 쿠키도 더 얻을 수 있게 해주셨으면 좋겠습니다 일단 대만족 ! ! 
24,"이거 황제의 외동딸 , 그 여름 나는등 너무 재밌어요 원래 웹툰을 안 보는데 이거에 계속 푹 빠졌어요 넘 재밌어요 찿기도 편하고 장르도 많고 돈안써도 볼수있는게 되게 많고 앱 자체가 좋은거 같애요 짱 ! ! 더 많은 작품 기대할게용 "
25,역시 다른 통신사 보단 kt가 제일 좋네요 가지가지 이벤트도 많고 본인인증 하는 것도 훨씬 편리해요 ! 번창하세여 
26,간단명료 디자인만 좀 업글하면 좋을듯요 덕분에 대출도 비대면으로 저렴하게 받았네요 온라인의 장점 극대화한 어플입니다 
27,앱 구동도 제대로 안되는 마당에 보안에 문제나 없을련지 
28,토스4 32 4 안드로이드에 언제나와요 \? 안나와서 토스 송금이안되자나요 하 짜증나네
29,다운로드 대기 30분 경과중 안돼 짜증 나 v50인데 왜 설치가 안돼냐구 
30,조금 오래 사용 했지만 다른 어플보다 쓰고 들어오는 혜택폭이 쫌 좁네요 참고하세요
31,토스덕분에 돈을 이리 많이 모으네요 덕분에 잘 쓰고 있습니다
32,요즘 인증할 일도 많아져서 고민이었는데 이 앱을 만나고 부터서는 시간도 단축되고 편해서 너무 좋네요
33, 캐쉬를 줘놓고 가져가네 \? 해리포터 살려고했는데 \? 
34,엄청유용하게잘쓰고있어요 ! ! 아주편리하고 빠르게이체할수있어서 좋아요
35,결제 시스템 매번 해는거 번거로웠는데 보안기능도 만족이고 편리함도 얻었네요 좋아요 
36,카톡패밀리에 김도훈만제발 어떻게좀 해봐요 뭐저런 상노답을 놔둬요 좀 퇴출이나 정지 먹일수없음 \? 제발 쟤때문에 페이지 자체를 끊게생겼어
37,달빛조각사 41권볼려고 앱설치하고 무료이용권 5장주는걸로 5편보고 나머지 20편도 보고 다른책들도 보려고 3만원결제해서 3만캐시구입 2만2천 캐쉬로 이용권 250개구매해서 나머지 20편보고 다른책볼려했더니 이용권0개 오류인줄알고 한참해메다 구입내역보니 전용이용권 이라네 2만2천원 으로 20권도아니고 20편보고 나머지 230개 이용권은 언제 사용하란건지 자세한 설명도 안내도없고 고객센타니 문의사항남길곳도없고 돈벌이에만 신경쓰나보네요
38,저 카카오페이지에 후르츠바스켓 이라는 만화도 좀 올려주세요
39,"간편하게 개인인증하려고 깔았는데 , 연속인증할때 광고계속떠서 그거 끄다가 시간이 더 뎌짐 인증진행되는 시간도 그렇고 , 차라리 문자인증이 바로바로되고 좋은듯"
40,인기있는 웹툰을 기무로 말없이 바꾸고 이번 공지사항에 왕의딸로 태어났다고 합니다외15편 뭐라고 하는데 15편은뭔지도 안알려줌 \? \? \? 정보좀 제대로 알려주시죠 업데이트 할때 말도안했으면서
41,리뷰 하기도 아까울 정도 오전부터 캐시 결재 오류가 나더니 이제는 로그인 조차 되지 않아 이용도 못하고있음 계정연결한다고 로딩만 하고 정작 로그인은 안됨 문의했으나 답은 없고 여러 작품 대여권사놓은 것도 있고 소장권 결재해가면 본것도있는데 다 소용없게 됬음 지우고 다시 깔아보기도 하고 폰을 껐다켜보기도하고 별짓을 해도 로그인은 안되고 시간이 지날 수록 화만 나고 이용하라고 만든 앱은 맞나요 요즘 잦은 오류와 느려진 속도가 이 어플을 계속 써야할지 많은 생각이 들어요 로그인도 안되니 지워야 되나 싶고요 
42,은행을 우리은행만써서 1년전 서부터 은행추가문의 많이 넣었는데 1년이 지난 후에도 우리은행이 없네 \? 그럴거면 은행 추가 문의를 넣지마라 인터넷뱅킹도 우리로 되있어서 좀 하려고 했더만 사용자 문의가 개뿔로 보이지 \? 
43,러브앤위시라는 기무를보는데 3일이 지나서 무료로볼수있다고 떠서 들어가서 보려는데 안되네요 계속 막 캐쉬로 대여권사고그런거만 나오는데 어떡하죠 ! \? 
44,좋은 기능도 많고 참 고마운 어플인 것 같습니다 토스 개발팀 고생하시고 앞으로도 좋은 서비스 잘 부탁드립니다 ! 
45,본인 명의의 휴대폰이 아닐때 농협 카드는 언제쯤 되나요 \? 
46,와 진짜 제가 너무 좋아하는 웹툰들이 많아서 너무 좋아요 진짜 감사합니다 앞으로도 많은 신작 기대할게요 ! ! 
47,폰뱅킹 하루에도 몇번씩 하는데 맨날 보안카드에 이것저것 시간도 많이걸리고 귀찮고 짜증났는데 토스는 정말 1분도 안걸려요 계좌번호 복사하는순간 송금하기가 뜨는데 그거딱누르고 비밀번호만 눌러주면 걍 끝 평생쓸거에요 토스 사랑해요 만들어 주셔서 감사해요 이걸 왜 이제야 알았을까 다른앱들도 다써봤는데 토스가 제일 간단하고 편리합니다 저는 핸드폰도 노트1 고물덩어리 쓰는데 한번도 오류난적없고 그냥다너무좋아요 아래분들 리뷰가 왜이러지 \? 별점테러하지마세요 이런혁명을 능욕하다니 이건 전국민이 써야합니다 제 인생어플이에요 지금도 점검시간 끝날때까지 기다리는중이에요 사랑해요토스
48,재미있는것두 만구 다른 웹툰에 있는것도 있어요 되게 좋아요
49,참 좋은 어플인데 수수료정책때문에 날이가면 갈수록 매력을 못 느끼겠네요 
50,말이필요없습니다 지인들한테도 다추천하고있어요 너무좋고편리해용 이제 신한은행만 지원된다먼 더할나위없겠네욤 
51,"좋아요 ! 좋은데 , 이체 할때도 지문 인식으로 편하게 할 수 있으면 정말 좋을거 같아요 ! ! 보안성도 더 뛰어나구요 ! "
52,최악 지문인증 완료하고 오류나서 하루동안 인증 못하게 됨 광고땜에 인증에 방해됨 
53,제발 뭐라뭐라고 답변만하지말고 찾아가서 설득을해주시던지 아니면 제 다른 계좌로 이체를 해주시던지 아니 추가되면 알려준다메요 무슨 반년동안 추가되면 알려드리겠습니다 이러고 있습니까 장난하는것도아니고
54,지금 전원껐다켜도 카카오페이지가안들어가지네요 어제부터그래요
55,박보검 배우님이 광고를 잘하시니 카카오를 자꾸 들어와서 보게 되었습니다 그리고 좋아요
56,업데이트 된 이후로 계좌잔액 조회하려고 들어가면 한번도 빠짐없이 오류로 조회가 안되네여 그래서 항상 은행앱을 따로 들어가서 로그인해서 확인합니다 
57, 간편 최고 안전 좋은 인증앱 복잡한 패스워드로 매번 비번 찾느랴 짜증났는데 kt인증앱 덕분에 더 이상 비번 찾는 번거로운 일은 없을 것 같아요 
58,잘 보고 있습니다 특히 좋은 점은 좋은 작품이 많이 올라온다는 점입니다 
59,공인 인증서 로그인 안하고 계좌이체 할 수 있는게 정말 좋아요 ! 
60,송수금이 이렇게 편리한 앱이 있는 줄 몰랐음 이제 안것을 후회
61,사람 놀려먹는것도 적당히하세요 앱설치를 수십개를 했는데 캐시는 한번도 안주네요
62,제가 진짜 웬만해서 댓글 안다는데요 너무 화나서 달아요 계좌 연결이 안되서 잔액조회를 할 수가 없어요 이거때문에 우리은행 창구까지 갔다왔는데도 또 계속 비밀번호가 틀리다고 하네요 은행까지 찾아가서 확인하고 온건데도 틀리다고 하면 어쩌라는건가요 이거때문에 제가 소비한 시간만해도 아휴 별 하나도 아까울 정도에요
63,3일기다려서 하나보는것도 감사하구먼 웹툰기다린다고 생각하지 뭔말이그렇게많음
64,친구는 대출서비스 있는데 왜 저는 없죠 \? 아이폰만 되는건가
65,안녕하세요 반가워 오렌맛해보는군요 모두 행복한 주말 보내세요 아멘 생명을 주신 예수 성도 살아계신 하나님 말씀을 간절하게 감사합니다 아멘 
66,갤럭시 s10 e로 바꾼 이후 로딩만 뜨고 파일이 안 뜬다고 리뷰를 올렸었는데 약 3 4개월 후 지원되는 기종을 늘리셨는지 되더군요 덕분에 잘 쓰고있어요 ! 이거 하나있으면 여러개를 설치할 필요가 없어서 너무 좋네요 다른 사람과 카톡으로 공유하기도 쉬워서 너무 편해요 ! 부디 번창하시길 
67,툭하면 서버랑통신문제라고 죄송하다고 메세지 뜨고 뭐하자는건지 이제 돈 좀 벌었다고 서버 관리도 안하고 어이없는 100케시 이벤트나 하고 슬슬짜증날라하네
68,"이 기능 추가해주시면 잘 쓸 텐데 ! 통장을 접었다 폈다 할 수 있게 해주세요 굳이 다 펼쳐놓을 필요 없으니 통장 순서 바꿀 수 있게 해주세요 만든 순으로 정렬 할 필요 굳이 있을까 싶고 적금 예금 만기 순으로 놓는 게 더 편합니다 뭐 , 이 정도 \? \? 은행적인 것이 아니고 앱적인 건의 사항이라 될까 의심해봅니다 "
69,저금리대출 서비스와 시간제한없는 카드사용 수수료면제가 너무좋아요
70,어떤 은행앱 보다 저는 toss가 제일 편해요 단지 체우기 500원 유료라 부담이 가요
71,은행이 더 추가되면 좋겠어요 근데 전 5000원 안들어왔는데 휴일이라 그런건가요 \? \? 
72,가끔가다 알람이 안뜨고 직접들어가야 알람이 모여 한번에 뜨는데 어떻게 고치나요 \? 계속 삭제 재설치해야합니까 \? 
73,근데 충전후 송금시 수수료없다고하셨는데 저는500원수수료가붙네요 잘못된건가요
74,앱이 워낙 쓰레기가 되어서 리뷰 적으러 왔는데 나만 그런게 아닌가봐요 돈 지불하고 읽는데 한페이지 넘겼는데 다 건너뛰고 마지막페이지로 넘어가는것도 빈번하고 이게 유료로 결제하고 보는게 맞나 의심스러울 정도로 문제가 많네요
75,넘재밋고 좋고 근데 캐시 좀더 많앗음 좋겟음 gt lt 
76,잘쓰고있었는데 왜갑자기 정보를 불러올 수없다면서 입출금내역이 안나오나요 3일째입니다 
77,좋아요 편리하고요 우리은행 잔액조회만 빨리되면 좋겠어요 
78,맨날 폰뱅킹 해서 처음 겨우 보내고 나중에 다시하려면 헉 비밀번호 캄캄 헌데 이거는 처음만 살작 헤매고 그이후는 너무 좋아요 알아서 착착 방송볼때는 반신 반의 햏는데
79,오락 다운하고 실행했는데 캐쉬가 안 오네요 오류인가요 \? 확인 부탁드립니다
80,정말 성능도 좋고 편안한 앱인건 인정합니다 하지만 계좌 등록하고난뒤 이 앱으로 계좌에 있었던 송금 기록을 보려고 했는데 뜬금없이 계좌 비번 오류횟수 초과가 나타납니다 가끔씩 일어나는 현상인데 이런일이 일어날때마다 계좌의 비밀번호를 바꾸고 오류해제 해야하는데 굉장히 번거롭습니다 이앱만의 오류인지는 모르겠지만 검토해보고 빠르게 완화되었으면 좋겠습니다 
81,기자들이 돈받고 기사써준듯 헬조선이 맞는게 우리나라사람들 다 팔랑귀에 물타기 개쩐다
82,쿵푸팬더3 사전예약하면 200캐시 준다고 해서 응모했는데 캐시가 안들어 왔네요 
83,kt 나쁜통신회사다 월정액 유료 결제해도 광고 보내고 무료방송은 광고 시간이 2분가까이 하는게 미친거지 인생 그따위로 살지마라 구역질나네 그따위로 살지마라 ! ! 
84,"송금을 했는데요 , 할때마다 네트워크 오류 났다고 뜹니다 정상적으로 송금은 이루어지는데 네트워크 오류 메시지 뜨지 않도록 수정해주셨으면 좋겠습니다 "
85,정말 잘쓰고있는데요 상대방이 토스를 사용하지않으면 소용이없다는 리뷰를 보고 궁금해서 그런데 쇼핑몰이나 사이트에 주문을해서 입금하는 경우에도 해당되나요 \? 사이트 운영자도 토스를 사용해야 되는건가요 \? 최대한 빠른답변 부탁드려요
86, 네이버 다음비교도 안됨 개조음 내용도 좋고 특히 기다리면 무료 잇어 좋음 근데 소설 퀄리티 떨어짐 
87,회원가입하기버튼이 안눌려요 어쩝니까 \? 기가 막힌 답변으로 사용가능 ! ! ! 
88,"감사합니다 문의하고 나서 몇십분 있다가 바로 캐시 들어왔네요 그러고보니 장점을 안 쓴것 같은데 , 저처럼 로맨스 판타지나 로맨스 등 웹툰 소설 좋아하시는 분들에겐 적극 추천드려요 네이버랑은 다르게 무료분이 많이 풀리지는 않지만 전 좋아요 얼마 들지도 않고 다만 결제가 어려운 미성년자분들은 부모님의 동의 후 결제가 가능한 것 같더라구요 19금 작이 웹소설엔 없는 것 같아 좀 아쉽습니다 하지만 재밌는 작품 정말 많으니 한번 깔아보시는것 추천드려요 캐시도 꾸준히 지급받고 있습니다만 , 3천캐시랑 2천캐시 뽑기권에서 100 , 200 , 300 빼고는 한 번도 1000이나 그런 높은 캐시는 당첨되어본 적이 없네요 물론 거의 매일 뽑기권 주시는 건 맞지만 매일 하는데도 잘 당첨이 안되네요 얼마 전에 탑툰도 확률조작한게 걸렸으니만큼요 카카오페이지 정말 신뢰하는데 혹시 확률을 공개해볼 생각은 없으신지요 ! "
89,앱다운하고 회원가입하면 캐시준다면서 지웠다가 2번시도해봤는데 왜 캐시 안주시는건가여 
90,내 주소록은 왜 읽고 싶어하니 \? 전화 번호 자동 연결 권한이 왜 필요해 \? 실행 중인 앱을 왜 검색해 \? 이런게 전자책 앱에 꼭 필요한거야 \? 
91,캐시프렌즈에 클립이 있길래 신규 가입을 했는데 kt폰이라서 그런지 기존에 깔려있는 클립때문에 캐시가 안들어오네요 폰에서 삭제도 안되는 앱이라서 삭제하고 설치할수도없고 
92, 엿쳐먹어 개발자 샠히드라 아닠 미리보기 같은거 걍 꽁자로 보여줌 안뎀 \? 글고 탑툰 같은거 보면 매일 12 2시까지 꽁자로 웹툰보여주는데 여긴 이런거없넹 
93,"은행앱 으로는 복잡한 공인 인증과 비번을 몇번씨 입력해야 송금이 가능 하지만 , 토스는 지문 한방으로 가능 특히 전화 번호만 알아도 송금이 가능한 방식은 무척 편하네요 추천 합니다 "
94,다운로드가 실패했습니다 휴대전화를 끄고 다시 하라해서 했는데 안됌
95,멉니까 \? 몇번을다시 설치해도 그러네요 오류라믄 공지라도해주시든가 
96,친구들이 보내는거 알람끄는 기능없어요 \? 너무 짜증나는데
97,오졌고 지렸고 렛잇고 참 뽑기권을 주면 항상 100캐시만 걸려서 이젠 기대도 안해요 10번 뽑으면 8번은 100캐시주는뎈 
98,다른 소설엡보다 뷰어기능도 떨어지고 한페이지씩 다운이라 중간에 로딩있어서 빡침
99,개발팀 뭐하냐 오류는 가만히 두고 고객센터 뭐하냐 어차피 똑같은 대답만 하면서 소장권 \? 그냥 3년 대여권이라고 해라
100,회원가입이 성공했는데 다음날에 와서 로그인 해보니까 안되더라구요 처음에 제꺼 핸드폰이 잘못된줄 알고 생각한후 친구들꺼 핸드폰으로 해봐는데도 안되더라구요 이 앱 말이죠 우리들을 놀려고 만드는겁니까 \? 
101,토스가뭐지하고 깔고나서 계좌입력하고 좀찝찝한데라고 생각하는순간 친구가 돈보내달라고해서 써봤는데 1분만에 다정리 친구가 그거뭐냐고해서 지금 입소문중 내친구20 30명 다토스쓰는중 
102,맨날 들어갈 때마다 지난 달에 쓴 돈이 바뀜 이미 쓴 돈인데도 왜 들어갈 때마다 바뀌는지 뭐가 맞는지도 모르겠음 만들거면 좀 제대로 만들지 왜 들어갈 때마다 200만원씩 지출한 금액 차이가 나는지 예상금액은 아예 쳐다도 안 본다 너무 안 맞으니까 카드별로 불러와서 더하기 하는것도 못하면서 무슨 카드를 추천한다고 
103,정말 편리하고 다양한 금융기능이 있습니다 많은 분들이 함께했으면 좋겠습니다
104,좋고 다 재밌어요 새 디자인도 업데이트 한 줄 몰랐었는데 보니까 너무 예쁘네요 카카오페이지 응원합니다 
105,애초에 캐시 이벤트라면 기본적인 건 되야 할 것 아닌가요 화보 끝까지 보기가 미션이라고 걸어 놓고서는 화보를 다음 장으로 넘기다가 계속 막히네요
106,일시적인네트워크사정으로서비스가지연되고있습니다 6 다른어플은 멀쩡
107,제가 계정 인증번호를 2회나 틀려서 본인확인이 필요하다고 뜨길래 본인확인을 눌렀는데도 전화나 이런게 하나도 안가고 초기화면으로 돌아가지는데 어떡하죠 \? 답변 부탁드려요
108,왜 문상으로 충전을 하려는데 아무 제한없던 충전하기가 점점 폭이 좁아지죠 \? 어제 밤에 5천원 충전하려다 본인인증하라그래서 3천원만 하고 이번엔 3천원하려는데 본인인증뜨고 그래서 2천원하려는데 본인인증뜨고서 천원만 제한이 없네요
109,등록은해놓고 오늘 처음사용했는데 지문인식하고 완료창보고 깜짝놀라서 남기러 왔어요 인터넷뱅킹 들어가보고 이체확인까지해봤는데 진짜간단하네요
110,내 정보를 한눈에볼수있어서아주 편리하고 심지어 관리까지 가능하니 유익함이 최고네요
111,너무도 유용하게 잘 사용하고 있습니다 개인정보 유출만 안되면 오래오래 계속 쓰겠습니다 
112,카톡 들가보는데 연관어플에 달빛조각사 가 딱 ! 어라 뭐지 \? 눌러보는데 카카오페이지가 딱 ! 달조때매 받는다 카카오페이지 삭제햇었는데 근데 결제방식좀 쉽게해주시면안되나요 \? 본인명의 카드가없어서 카드빌려써야되요 
113,회사가 그렇게 가난한가 공식 문서뷰어에 광고 덕지덕지 애처롭다 
114,그런데 출금에 한도좀 풀어주셨음 좋겠네요 거래가 오고가고하는데 좀 불편함이 언짢아있네용 업데이트 부탁드립니다 \) 
115,아주 잘 사용하고 있습니다 친구가 카톡으로 보내 온 입금계좌를 복사하니 바로 송금하겠냐는 토스 안내화면으로 연결되서 신기하더라구요 이리저리 살펴보다 미션통장도 하나 만들고 앞으로도 잘 쓸게요 
116,아니 캐시 준다해서 g마켓 깔았는데 왜 캐시를 안줘요 \? \? 다른 앱들도 그렇고 이 앱 서버가 어떻게 돌아가는거야 빠른 시일내에 대응 부탁드립니다 
117,옛날에 회원가입을 했었는데 신한이 없어서 삭제했었는데요 신한이 생겼더라고요 그래서 다시 깔았는데 비밀번호 \? 뭐를 치라하네요 그게 기억안나서 재설정햇는데 토스번호를 치라고해는데 그번호를 볼려면 신한뱅크에가서 확인하면된다해서 깔고 들어가봤는데 미회원이라 떠서 가입할려했는데 공인서가 필요한거같아요 토스 로그인안하고 탈퇴하는방법없나요 다시 회원가입하고싶은데 
118,앱 까는 게 너무 많은데 또 별로 불필요한 앱을 깔아 나를 증명한다니 주문하나 하려면 앱깔고 딸린 앱 또 깔고 
119,진짜 업데이트 작작 좀 자주해라 업뎃한다고 인증시간 놓치고 다시 하고 한 번에 되는 경우가 더 드물다
120,살다살다 이렇게 편한 송금어플 처음봄 계속 은행어플쓰다가 이거 깔았는데 혁명수준임 앞으로도 토스가 문닫지않는한 이어플계속쓸듯
121,하루종일 업뎃이 안되네요 ! ! 충전한게 없었음 다 때려치고 딴데로 가고 싶네요 껏다가 켜도 안되고 도대체 어쩌라는 거임 \? 
122,"너무너무 편합니다 여러가지 항목을 단 하나의 앱으로 확인이 가능할 뿐만 아니라 , 여러가지 지속적인 혜택으로 사용자가 일상에서의 소소한 기쁨을 느낄 수 있는것 같습니다 "
123,아 진짜 수수료도 안들고 은행갈 필요도 없고 진짜 겁나 짱짱좋음 
124,보안상에 문제가 생기지않을까 하는 생각이 들정도로 넘 간편하게 송금됩니다 
125,기다리고 있는 로판이 많아요 휴재한 작가님들 빨리 돌아올 수 있게 해주세요 
126,7자리 나오는데 입력은 6개까지만 됨 그래서 큐알 인식 하니까 자리수입력 하라고 함 결론 인증 안됌
127,제대로 만드셧으면 좋겟네요 은행 넣고 계좌번호 넣는데 다시확인하라는 말만 20번을봤네요 대놓고 쓰지말라는거 같애서 삭제 기업은행 쓰시는분들은 참고하세요
128,"너무 잘 쓰고 있습니다 ! 제안할 게 있는데요 , 홈화면 금액 표시 옵션을 여러 계좌에 똑같이 적용하는 게 아니라 계좌별로 옵션을 끄고 킬 수 있게 달아주면 훨씬 좋을 것 같습니다 ! 금액을 자주 확인해야 하는 계좌도 있고 , 자꾸 신경쓸바엔 차라리 엎어두고 쓰는게 나은 계좌도 있고 다 달라서요 ! 쓰면서 그 점이 바뀌면 정말 좋겠다는 생각을 했습니당 ! 감사합니당 "
129,카카오페이지 지웠는데도 왜자꾸 날아오나요 차단하는 법 없습니까
130,잘쓰고있어요 근데 궁금한점이 있는데요 상대가 제 번호는모르고 계좌번호만 아는데 토스잔고로 입금되는경우가 있더라구요 이건어떤경우인가요
131,음 어 먼저 정말 재미있고 저의 마음에 와닿는 웹툰이 정말 많아서 추천드리고 싶습니다 그런데 캐시를 많이 모으고 싶은데 카카오페이지도 출석으로캐시를 주셨으면 좋겠어요 카카오페이지 화이팅 ! ! ! ! 
132,그래서 제가 친구들한테도 홍보했는데 어떤방식으로 수수료가안드는건지 걱정된다면서 꺼려하더군요 어느정도 더 홍보가 필요할거같습니다
133,광고는드럽게많고 느리고 업데이트 너무많이해서 억지로씁니다진짜
134,카카오 페이지를 여는데 자꾸 화면이 깜박했다가 갑자기 튕기서 이용에 불편을 느끼고 있습니다 나머지는 좋은데 이 것만 고쳐주세요
135,최악의 프로그램 한글파일만 아니면 진짜 어떻게 뷰어 프로그램 하나도 제대로 안돌아가게 만드냐 
136,송금수수료 얼마인가요 한달에 5번공짜인건가요 하루에 5번인건가요
137,대박이네요 ! 예스24서 책 20000원어치 공짜로 산듯요 
138,캐쉬 받을려고 게임 깔았는데 안주고 용량만 다 날리니까 좀 빡치네요 차라리 캐쉬무료 하지 마세요 안줄거면서
139,이거 정말 쓰잘대기 없습니다 왜 굳이 네이버웹툼에서 몰걸 여기서 봐야하죠 \? \? 버스 광고에 붙여 있길래 설치해보니 완전 별로네요 
140,독자들이 돈주는 기계에요 \? 공지라도 남겨주시든지요 그럴게 돈이 벌고 싶으셔서 베스트만 기무로 바꾸셨어요 \? 독자가 돈이 넘쳐 흘러서 지르는줄 알아요 \? 이만하면 됐잖아요 선좀 지켜야죠 독자들 만만하게 보지 마세요 그리고 유료 구매한 무료편 100 환불 이라고요 \? 하나도 안됐으니까 말도 안되는 소리 하지마세요 카카오 볼려고 맨날 들어갔는데 요새는 들어가도 볼게 없어요 다 기무인데 돈주고 봐야하는거라니 참 차라리 그냥 다 기무로 바꿔서 돈 더 버시지 그러셨어요 \? 제가 몇년째 카카오를 봤는데 정말 어이가 없어서 말이 안나오네요 
141,그동안 스마트하지 못했던 본인 인증 매번 폰번호 인증 받는게 귀찮았는데 kt pass깔고 신세계 경험 중입니다 편리하고 좋은 어플 만들어주셔서 감사합니다
142,소설을 보려고 이용권을 구매했습니다 소설을 다보고 남은 이용권은 70개 남은 이용권으로 다른 소설을 보려했으나 이용권이 없다며 구매창이 뜸 한번 이용권을 구매하면 남은 이용권으로 다른 소설을 볼수 없고 남은이용권은 휴지조각이 되버림 이런 거지같은 시스템이 어디있습니까 이용권구매도 최소 20개에서 시작하며 개수를 맘대로 못정하여 어쩔수없이 이용권은 남게되는상황 가격도 소설1권대여료는 약 1500원 동내책방에서 대여로 보는것보다 비쌈 거기다 휴지조각된 이용권까지하면 내 다시는 카카오페이지 더러워서 안쓴다
143,네이버 페이지에서 영화를 따로 샀는데 시리즈앱 깔라해서 시리즈앱 들어갔더니 뭐 산영화가 어디에도 없음 내돈 어디감 네이버페이지에서 보기누르면 시리즈앱만 들어가지고 영화는 없음
144,은행에 가기 어려울 때나 급히 계좌이체해야할 때 사용하기 좋아요
145,비밀번호 기억이 안나서 재설정을 하는데 비밀번호 두번째 입력하고 나면 다음으로 넘어 가는 버튼이 없네요 입력값 확인을 클릭해도 반응이 없구요
146,상태표시줄 강제로 왜 없앤건지 진짜 쓸때마다 보려면 위로내려야해서 불편합니다 상태표시줄은 선택사항으로 하든지 해야죠
147,광고 없는게 제일 좋아요 근데 폰트도 볼 수 있으몬 좋겠어요
148,문자에 온 계좌번호를 누르면 바로 토스 어플이 뜨고 지문인식만으로 보낼수 있어서 간편하고 빨라 좋아요
149,토스계좌가 실계좌처럼 번호 설정이 되있어서 그 번호로 보낼 수있도록 할 수 있나요 \? 있다면 알려 주세요 
150,오류로 로그인 제한이 걸렸다며 비밀번호 재설정하라길래 재설정 했는데도 똑같아서 현재 잔액확인이 안됩니다
151,"해피머니로 결재하려는데 계속 회원패스워드가 일지하지 않는다네요 아이디 , 비번 틀린거 하나없는데 처리좀부탁드려요 그런거 빼고는 다 좋아요 그리고 가끔 무료 쿠키 받으려고 앱 설치해도 쿠키가 안구워지더라구요 "
152,저기눈을감다웹무비로보고싶어서가고싶은데15세연령인증해야해요 아니웹툰은15세연령이아닌데왜웹무비는15세걸려있냐고여 이말보시면15세연령좀풀어줘여눈을감다좀 
153,1000원들어오지도 않는데 어그로 개쩌네 앞으로 이런문자 보내지마세요
154,제가 사용하는 은행은 다 있네요 아직 믿음이 부족하여 주계좌말고 용돈쓰는 계좌만 등록했는데 진짜 간편하네요 계좌등록하는데 돈도 주시고 1원 
155,제가 은행을 선택하고 계좌번호를 써서 완료를 눌렀는데 xuanfushun님의 계좌만 등록할수있대요 xuanfushun 이 이름이제영어 이름입니다 어떻게 해야하나요
156,아니 본인확인을하고 나서 인증완료했다는 문자가 오는데 그문자를받고나면 초기화면으로 돌아가버린다고요 그렇게 5번인증하고나면 하루횟수초과로 다음날하라는데 어쩌라는거죠 \? \? \? \? \? \? \? \? 
157,토스 쓰고싶은데 휴대폰명의가 제 명의가 아니라서 계속 못쓰고있네요 이에 대해 해결방안좀 내주시면 안되겠습니까 
158,아니 갑자기 책보는데 자꾸 광고가 나오나요 \? \? \? 평소에 안 그러다가 틱톡이 나오질 않나 5초 스킵 광고가 나오지 않나 \? 요즘 경제난이세여 \? \? 아니 이거 계속 읽으면 광고나와서 못읽을듯 초심으로 돌아갑시다 그리고 업데이트도 댓글달기부터 불편함
159,첨엔 바껴서 살짝 적응 안 됐는데 업데이트 할수록 더 좋아지는 느낌이네요 특히 이벤트를 이것저것 마니 하거라구여 \? \? 암튼 요즘 쿠키굽는 재미로 살아여 아 내 텅장 어쩔 
160,아니 카카오계정이랑 연결이 되있는데 들어갈때마다 로그인 하라고함 로그인 했더니 인증번호를 받으라네 \? \? 응 2시간 지나도 않와 이거는 시간이 걸리는게 아니고 않오는거지 나도 카카오페이지 만화좀 보자 
161,몇 달 전에 계정을 로그인하고 쿠키도 사고 해서 본 소설이 있는데요 앱을 지우고 다시 로그인 하니까 그 소설을 본 흔적이 없어졌어요 그때 제가 쿠키를 돈 주고 충전한 기록도 사라져있구요 쿠키가 몇 개 남아있었는데 다 없어졌어요 매우 당황스럽습니다 빨리 알아봐주시면 감사하겠습니다 
162,토스만보기 이게 뭡니까 만보채우기 미션 해서 다시 옛날처럼 되돌려주세요 누구생각인가요 도데체 차라리 광고를 넣어서 100원 받기 하던지 이게 뭐죠 \? 만보채워도 40원받는게 뭐에요
163,정말 최고에요 ! 공인인증서 필요없이 간단하니 정말 편리해요 ! ! 
164,학생들은 우리은행마니쓰거든요 편리하긴하지만 학생시점에도 생각해주시요우리은행도 언능 수리됬으면합니다 부탁드릴게요
165,비밀번호 틀린적이없는데 왜 오류횟수 초과로 뜨지 \? 갑자기 \? 
166,튕기는 거 토스 문제 아님 플레이스토어 들어가서 webview 삭제하세요
167,돈을 벌어다주니 돈 욕심들이 더 나시나 초심을 잃지말고 연락처 송금이라도 복구시킵시다 ! 
168,은행 어플이 5개 사용 중인데 이거 하나면 거의 다 해결 되서 한결 편해졌어요 대성하세요
169,좋아하는 웹툰이 많아서 그래도 보려고 했는데 그냥 지울게요 재밌었네요
170,오늘 토스에서 알림문자가 왔는데 제가 대출받은적이 없는데 대출받았다고 신용에 반영이 된다고 하는데 이건 무슨일인가요 \? 
171,잘만되다가 갑자기 로그인다시하라그러고 했더니 실패라네요 고쳐주세요
172,진짜다른폰뱅킹처럼은행가서인증서땔필요도없고할때마다너무간편하고편리해서정말매번토스관계자분들에게감사히생각하고있습니다 이런좋은어플앞으로없을꺼같구요 많은사람들이이좋은어플을많이사용하면좋을꺼같네요 토스관계좌분들새해벅많이받으시고앞으로더수고해주세요 ! ! 언제나감사합니다 ! ! 토스짱 ! ! 
173,"정말 자주 사용하며 , 사용할 때마다 간편하다는 생각을 합니다 24시간 카톡 상담도 아주 친절하며 신속합니다"
174,진짜 계속 토스만 쓰는데 짱이예요 다들쓰새오 상담해주는분 누군지모르겠지만 상담받아본것중에 제일상냥했습니다 토스짱 알바같은데 아님니다 
175,강제 업데이트 ! 짜증 ! 되지도 않고 삭제후 재설치 시키네 프로그램 거지 
176,휴대폰 인증 한번 하겠다고 복잡한 회원가입에 앱설치하고 업데이트하고 빈대 잡겠다고 초가삼간 다 태우고 나 앉는 꼴이네요 정작 이 앱 가입할땐 또 문자인증 
177,아니 캐시 받을 때 신규설치 했 는데도 안와서 캐시받기 눌러서 다시 해봤는데 안된다네요 좀 고쳐주세요 
178,진행이 군더더기 없이 빠르게 진행되어 좋고 화끈해서 좋아요
179,니들이 평소에 깨시민 흉내내면서 이상한 커피같은거 홀짝이는거 한푼두푼 애껴서 보면 되잖아요 하여간 공짜근성 
180,아주 좋네요 카카오계정이 천개 넘게 있고 게임친구들도 2만명 넘게 있어서 원하는 책은 무료로 무한대로 볼수 있네요 
181,너무 편하고 좋아요 그러나 어차피 카드번호나 공인인증서로 본인인증 했으니 폰 명의 다르더라도 이용가능하면 더욱 좋겠습니다
182,노트3 유저인데 뭐 송금만 하려하면 계속 나가지고 렉먹고 너무 심해서 못쓰겟네요 지핸드폰뮨제인가요
183,"재미있는게 많다고 , 우리딸이 처음에 추천해줬는데 여러가지로 많고 좋아요 아뭍은 정말 유용히 보고있어요 모두 감사요 "
184,토스 잘쓰고있습니다 수수료도 안들고 보안카드없어도 보내져서 좋내요 ! ! 
185,획득가능한캐쉬에서 300원 마블다운받으면준다구해서받았는데왜안주는지 
186,작품들 하나하나 고퀄이고 스토리는 진짜 다마음에드네요 ! 
187,레진 따라가는건가요 \? 기왕 따라가는거 연재분도 늘려주세요 3주도 좀 아쉽네요
188,매번 공인인증서 써야해서 귀찮았는데 너무 편하고 좋네요 ! 더 좋은 서비스 기대할게요 
189,최고 가즈아 kt korea tkone tor uk21q
190,간단하게 송금할 수 있어서 편리하고 좋아요 자주 이용해야겠어요
191,너무 잘 보고 있는데요 ! 혹시 캐시 충전할때 문상이나 해피머니로는 충전이 안되나여 \? 답변을 보고 다시 씁니다 일반결제에 신용카드밖에 안뜹니다
192,알트메카 sdb배당코인 순두부코인 코인소각떳다 가즈아 12월내내떡상
193,처음 이라몰라는데 상담아가씨덕분에해결읍니다 친절한설명너무감사합니다 
194,다양한 작품도 많고 재밌어요 근데 19금코너좀 따로 만들어주심 안될까요 \? 다시 재출간도 못하게 계약으로 막아두시고 정작 19코너는 따로 만들지 않으시는 이유를 모르겠네요 영화는19금 유통하시면서 소설은 못하시는 이유가 뭔가요 \? 더군다나 같은돈주고 구매해도 여기서 사면 3년뒤에 다시구매해야해요 처음 앱쓸땐 이러지 않았는데 점점 최악으로 변해가고있는것 같네요 
195,pass 하나면 허둥지둥 안해도돼 어디에서나 all pass ! 
196,대여결제하고 바로보기안됨 재접속해야나옴 앱 바탕에 위젯바로가기 설치안됨 너무불편해요 ! 
197,80퍼센트가 유료지만 대여비비싸고 오프라인에서안되고 와 진짜짱이예요
198,진짜 짱 좋은 것 같아요 계좌이체도 편하고 잔액확인도 편해요 앱 만들어주셔서 감사합니다 ! ! 
199,혹시 자신 계좌추가 하는곳에 유안타 증권도 넣어주실수잇나요 \? 
200,좋음 다른계좌도 연결해서 사용할수있고 다방면으로 활용 할수 있을듯 굿굿
201,"별 한 개가 아깝다 앱 깔면 인간적으로 캐시를 줘야지 1개만 캐시를 안주면 몰라도 여태까지는 다른앱에서 앱깔면 쿠키 , 캐시를 준다고 해도 카카오페이지때문에 안했었는데 이제 그럴일은 없겠네요 카카오페이지 이거때문에 평점이 낮아진듯 글구 만화 한 편을 보면 50캐시를 주는 것도 이건 주긴하는데 , 가끔 15금있어서 카카오페이지 리뷰에 답글이라도 남겨주면 그래도 좋을텐데 , 리뷰를 무시해서 기분이 나쁘네요 고객센터에 문의할려고 해도 아이디가 알맞지 않은거라고 여러분 이 앱 깔지마세요 \( 이건 제 개인적인 의견입니다 \) "
202,아니 토스가 왜이러죠 점겅중이라고 이용불편뜨고 자꾸 돈을 보낼려는대 업뎃을 하라고 뜨네요 아니 업뎃도 했고 삭제하고 다시깔아보기도 하고 하는데 급한것에 돈을 보내야하는데 못하고있어요 
203,아니 왜 애들은 안되는거임 \? \? 진짜 개노답 반드시해피엔딩 보려했는디 
204,너무 좋아요 간편 ! 빠름 ! 최근 계좌조회까지 최고앱 ! 
205,집앞에있는 atm에 가는 귀찮음을 줄여주는 좋은 어플이다 ! ! 
206,이따위 쓰레기엡 만들어서 데이터쓰고 시간 낭비하고 뭐하는 짓이야 \? 아오 짜증나
207,카카오뱅크 추가시켜주세요 연동되면 경쟁이 아니라 토스가 더욱 발전되지 않을까 싶은데 반대로 카카오가 토스같은 어플을 진짜로 만든다면 오히려 토스 유입 인원이 감소되지 읺을까 싶습니다 항상 잘쓰고 있습니다 
208,타은행쓰다 한 번 써봤는데 상당히 편리하네요 급하게 마통이 필요했는데 간편하고 금리도 적당해서 잘쓰고있습니다
209,제가 카카오페이지를 4년 가까이 쓰면서 느낀점은 전체적으로 벨런스가 준수하고 다른 웹툰어플의 작품을 볼수있는것이 너무 좋았습니다 그런데 선물함이나 작품들이 주로 소설쪽이 많아 아쉬운감이 없지아나 있지만 나름대로 만족합니다
210,공인인증서 없이 송금가능해서 아주편리하고 지문으로 인증하니 아주간편 합니다
211,게임깔고 하면 캐시 준다고해서 막상하면 캐시를 준적이 없네요 
212,카카오 플러스 친구에서 해당 글로 바로가기가 안되구요 해당페이지 카카오페이지로 보기 누르면 안드로이드 마켓으로 연결이되네요 글 하나 보기가 너무 불편해요 ! ! 
213,"네 뭐 당연히 제글 보시지야 않겠지만 카카오페이지에 처음 들어 갔을때 로그인을 해야하는데 , 저는 카카오계정이 기억이 나지않아서 쓰지않았는데 꼭 카카오페이지 앱은 로그인을 해야하네요 로그인 처음에 하는 것좀 없애주시면않되나요 \? 또 카카오페이지 웹사이트로 들어가면 불편한 점도 많아요 화 까지만 보여준다는 등 아 네 당연히 카카오페이지는 인기가 많으니까 만드신분은 고쳐달라는 댓글 신경도 않쓰시겠죠 하지만 제 댓글보신다면 제가 말한거 고쳐주길 바랍니다 "
214,와미쳣어미쳤어 이앱은 정말최고에요 별 1000000000000000000000000000000개더넘게줄만큼 그리고 반드시해피엔딩이 한목아니두목아니 다하고있어요 꼭까셔서 반드시해피엔딩 덕후를넘어서 막환상이보일정도로 플아다자까님짱 그럼 반드시해피엔딩 보러가야되서요 빠이요 
215,카카오페이지를 사용하고 있지 않은 사람입니다 사람들이 카톡으로 카카오이용권을 보내는 데 차단할 수도 없고 답답하고 짜증도 납니다 카카오페이지 카톡 메세지 차단 기능을 만들어주셨으면 좋겠습니다 
216,전 분명히 2005년생으로 만11세 이상 입니다 근데 미만 은 가입 불가능이라네요 분명히 미만은 11을 기준으로 11보다 작은 나이는 가입 불가인데 왜 안되는거죠 \? 단위 똑바로 해주세요
217,"멀쩡하다가 갑자기 거래내역 실시간 확인 업데이트했다면서 공인인증하게 하는데 , 이것때문에 잔액확인도 못하느라 매우 번거롭고 짜증나네요 그냥 카카오뱅크로 갈아타겠습니다 안그래도 카뱅으로는 송금도 못하는 썩은물 앱"
218,서버응답을 받지 못했습니다 만 뜨네요 가입은 전에 했었는데 새로 설치하고 통장인증받고 비번설정만하면 서버응답을 받지 못했다고 뜸 
219,너무 편리하고 관리자분들도 너무 친절하시네요 번창하세요 
220,광고를 시청하면 수수료 1회 무료 이런방법도 괜찮은거같아요
221,아니 계속 팅기고 서비스에문제있다그러고 제가 돈뽑으려고하면 서비스에문제있으니 보고하라그래서 삭제하고 다시깔아서 로그인하고 돈뽑으려니까 또 사용자가아니라고뜨네요 \? 반복되는 인증화먼 인증하고다시해도 계속그러고 제발고쳐주세요4일넘었습니다
222,업데이트 떠서 업데이트 안하면 못보게 되있어서 업데이트 누르니 업데이트 안되고 그래서 지웠다가 다시 다운받을랬더니 다운이 안되네 \? 아 뭐하는건데 \? 저장용량은 10g이상 남았고 lte상태도 4칸 풀인데 왜 안될까요 \? 다른건 다 되는데 카카오페이지만 그러는데요 고객센터에 말해도 바뀌는것도 없는데 그냥 안볼테니깐 대여권이랑 충전한 캐시나 환불해주시죠
223,좋네요 명의가 제가아니어서 남들 다하는토스 저만못하고있었는데 이케 편할수가
224,원래 앱은 베스트댓글이 안보이나요 \? 댓글창 누르면 전체댓글만 보이는데 
225,보안이 너무 엉망이네요 불안해서 못 쓰겠어요 앱에서 등록한 지문이 아닌데 로그인이 되네요 휴대폰에 등록한 지문을 아무런 설명도 동의도 없이 그냥 사용되네요 미친거 아닙니까 \? 폰에 딸 지문도 있고 마눌 지문은 휴대폰 사용시에 쓰는건대 왜 카카오뱅크 로그인에서 사용이됩니까 \? 이거 금융사고아닙니까 \? 
226,나이때문에 안되는데 나이상관 없이해주세요 저 태마깔려고하는데 안깔려서이거떳어요 그래서이걸썻어요 10살혁준올림
227,간편한송금처리 나무맘에들어요송금및입금되면 알려주는것도 너무편함니다 
228,요즘카카오페이지에서 시간종일보내는듯 책읽느냐 하루가짧내요
229,문자랑 비교해서 뭐가 편하단거지 \? 인증방법이 없어 걍 하는 것일 뿐
230,안녕하세요 카드는 농협이고 핸드폰이 재명의가 아닌데 토스를깔고 왼쪽하단에 본인 명의 휴대폰이 아니신가요 \?  를 눌러서 들어가보니 카드사를 눌렀더니 농협카드는 명단에 없더라구요 핸드폰 명의 본인 아니고 농협이면 토스 사용못하나요 \? 
231,송금 받는거 예전엔 앱 설치 안하고 받았는데 설치하도록 바꿨네요 계좌도 등록 하라고 나오고 사용 안하는 앱 송금 받는다고 설치하고 계좌등록하고 인증 단계도 많고 그리고 다시 지우고 불편해요 앞으로 토스로 보내지 말라고 했어요
232,폰이 폴더라서 공기계를 쓰는데 번호가 없어 사용하지 못한다네요 저처럼 공기계 쓰는 사람이 많을텐데 이부분 개선 부탁합니다 앱을 쓰고 싶어도 쓰질 못하니 안달나고 또 약간 공기계라고 무시 당하는것 같은 기분이 드네요 
233,제가 원래 웹툰 같은거 안보는데 여기 웹툰은 레알 다봐요 짱 재밋어요 ! ! ! 
234,처음에는 그냥인것같았는데 갑자기 8백캐시가 사라지고 지금까지모았던 캐시가 다사라젔는데 떻게합니까 ! \? 복구하세요 ! 
235,하 진짜 어플 설치도 제대로 안되고 피시방40분 날렸네요
236,재미있는 웹툰이 많아서 잘 보고있었는데 아무런 공지도 없이 전부 기무로 바꾸시다니요 정말 실망했습니다 거기다 최근 연재 만화는 캐쉬지르고 봐야한다는 불편한 점이 있네요 그냥 현질하라는 소리잖아요 학생들은 어쩌라는 거죠 \? 학생들은 사람 아닙니까 \? 학생들은 웹툰 볼 권한조차도 없는건가요 \? 얼마나 급하셨으면 돈때문에 구독자들을 다 잘라내시는건지 
237,"좋아요 기능이 쩌는듯 신용등급 조회 , 진짜 빠르고 정확한거 제일 맘에 듭니다 계좌이체도 편하고요"
238,아니 다 좋은데요 이벤트에서 10레벨로 올리면 1500캐쉬 즉시 지급이라더니 지급이 않되네요 빨리 해결해 주시면 감사하겠습니다 
239,여러가지 투자도 할수 있어서 너무 좋네요 앞으로도 잘 부 탁 드립니다 
240,사용하기 너무 좋아요 송금수수료도 10회까지 무료라 더 좋아요 
241,간단간단간단 최고의앱입니다 간단앱이라고 이름지어도될번했어요
242,"토스 쵝오 ! 무료송금 , 내 계좌조회 등등 너무 잘쓰고있어요 ! ! "
243,이런거진짜안쓰는데 토스너무좋아요 처음이라복잡해서 카톡문의했는데 1분만에바로바로답장오고 엄청친절하시고 2시간동안 계속 이것저것물어보고답답하게했는데도 끝까지친절하시더라구요 물론 앱사용도 간편하고 좋아요 최곱니다 토스
244,아거 \( 녹스 \) 다운받고 실행하면 300캐시주신대서 다운받고 실행했는데 왜 캐시가 않들어오져 \? 
245,실명인증이 어떻게 되는건지 계좌개설하기에서 실명인증자체가안되는데 만17세 이상이고 개명한적도없고 주민등록증에 있는 이름과 주민등록번호를 정확하게 입력했는데 전혀안되네요 
246,"잦은 오류 , 종이책보다 더 비싸게 보는 가격에도 불구하고 소장이 안되는점 , 대여기간이 짧다는점 , 100원씩 주고사는데도 여러번결제하면 다날 \? 이런데서 자꾸 거래정지 걸어버림 이거 개선좀요 "
247,kt에서 인증하면 연동돼서 패스로 갑니다 인증은 안돼고 무한홍채 인증만합니다 좀 잘좀 만들고 쉽게좀 만들어요 하나 쓸모도 없네 이걸로 현금결재하겠습니까 \? 미친인증 앱 그냥kt 라서 울며 겨자먹기로 쓴다 
248,정말 편하네요 일하다가 은행갈필요도없이 직장인들에게 정말 유용하네요
249,야놀자 다운후 실행했는데 아직도 캐시가 안오네요 어제 저녁에 했는데 대체언제 캐시가 오는거죠 \? 
250,금융앱은 신뢰가 생명입니다 부동산소액투자시 투자는 되지않고 출금만 된상태로 고객센터는 1시간째 통화되지않고 카톡상담원도 10분이훌쩍지나서 확인중이라는 내용만 보내고 공지라도 보내던가 금융거래앱이 이렇게 고객응대가 부실해서야 되겠습니까 이일을 계기로 토스사용은 줄이거나 하지않을생각입니다 
251,"은행 간 수수료 없이 은행 직접 갈 필요도 없이 , 상대편이 어플 깔 필요도 없이 송금서비스가 가능하다는것이 너무 신기하고 편하네요 "
252,"기존 소장하던 책들 목록이 다 날아갔고 , 다운로드시 안나오는 것도 불편하고 , 3중결제도 불편합니다 겉멋만 든 쓰레기네요 "
253,캐시충전이벤트에서 야놀자앱을 다운받고 몇번이나 실행해봤는데 캐시가 적립이안되요
254,토스 탈퇴 진행시 해당은행 정보가 없읍니다 라는 문구가 계속뜨면서 탈퇴가 진행되지않네요 탈퇴가능하게 수정부탁드립니다 
255,"넘 잘쓰고 있어요 여러 은행계좌를 한눈에 볼수있는게 참 좋은데 , 이걸 위젯으로 홈화면에서도 볼 수 있으면 더 편할것같은데 위젯기능이 없네요 "
256,계좌를 복사하면 자동으로 토스로 송금할수 있게 되는 점이 좋고 10초도 안되서 보낼 수 있어서 편리한 것 같아요 
257,하나멤버스 \? 그걸 했는데 로그인도 다 됬다고 떴는데도 캐시가 안와서요 이런일 자주 있었는데 많아봤자 400이라 그냥 있었는데 이건 좀 액수가 커서요 빠른 수정 뱌랍니다
258,지금 3시16분에 친구한테 돈보내려고 들어갓는데 안들어가져요 
259,아니 이게 말이되여 \? 여명 티몬 야놀자 다 설치했는데 갑자기 튕기더니 안되네요 제900캐시 돌려놓으세요 빠른기간내에 처리좀 부탁드립니다 
260,진짜 토스 최고임 ! 아 이거 지금이라도 알고 쓰게 되어 너무 기쁘다 ! 편리한 기능 너무 많아 ! ! ! ! 
261,멀 패치를 한건가요 \? 무슨안전화 인가요 \? 접속은 안되고 계속 응답없음이러고 잘만 쓰다가 이전 버전 패치후 계속 이러네요 혹시나 패치 다시하고 완전 지우고 다시 해봐도 안되네요
262,정말 편해요 ! 근데 토스 계좌 채우기 오류가 뜨네요 문의하라는데 
263,지문인식은 언제 지원되나요 \? 아이폰버전은 지원돼서 굉장히 편하고 빠르던데 갤럭시s6도 지원해주세요
264,아씨 영화는 안나오고 로딩에서 한참 걸리더니 다운되서 폰 꺼지지도 않고 겨우 켰네 바이러스 심은거 아닌가 모르겠네
265,너무편하고요 안심되구요누구나에게나 적극권장합니다 ! ! ! 
266, 같은 카카오페이지의 상술 진짜 같다 별한개도아깝다 그리고 별 낮게준 사람들한테 복붙해서 답글 주네 진짜 너무하다
267,언제는 평생 무료라면서 은근슬쩍 약관 바꿨네요 이용자 동의 없이 이렇게 혜택 축소해도 되나요 \? 
268,캐시 이벤트 를 했으면 좋겠어요 그리고 매일매일 방문 을하면 100 캐시를주세요 
269,편해서 좋내요 계좌복사해서송금할수잇눈거좀맘애들어요 님들아함써보삼
270,아니 무료로 캐시 받기에서 그 전함제국 인가 그 게임 설치 로그인 하래서 했는데 안줘요 400캐시요 전에도 했었는데 캐시 안줘서 다시 해봤는데 아직도 안주고
271,토스신용등급오류가봐요 사기쳐 써요믿을수가없네요나이스지킴이랑비교해봣는데서로다른등급이나오네요 도대체 대출등급이정확한건 대체어디서봐야하나요 서로다른등급이나왓네요 
272,업데이트 이후로 멀쩡하던 순정 원플러스6에서 실행이 되질 않네요 수정해주세요 
273,아니 연결되있던 계좌들 왜 다 연결이안돼나요 \? 리뷰들 보니깐 장난없던데 이제 관리 안하는건가요 \? 확실히 해주세요 매크로답변 달꺼면 달지마시구요 조롱당하는기분입니다 리부들보니깐 전부 매크로답변같던데 일단 계좌들 왜 연결이 다풀려있고 재연결은 안돼는겁니까 문제 알아보겠다고만하지 말아주시구요
274,박보검영상보고 추천작3화보면 2000캐수준다면서 안주네 \? 낚시질작작해라
275,5000원짜리 컬쳐랜드문상도 추가해주시면 감사하겠습니다 
276,만화가 많아서 좋구요 ! ! 기다리면 무료로 볼수있어서 정말 좋아요 여러가지 종류의 만화가 있어 골라보는 재미가 있구요 ! ! 최고예요 ! ! ! ! 
277,진짜재밌는웹툰많아요헿허블이나래작가님 ! ! 완저광팬이에요 그림체bb
278,갓태어난아기가서버관리하나네트워크도연결도있는데안되고참가지가지하네
279,아직잘은모르겠는대 경품뽑힐수있으니 김칫국마시면서 빅픽쳐좀 그려볼게요
280,토스 gs이벤트 때문에 gs갔는데 결제도안되고 돈만5천원버리고 내돈물어내라
281,완전 편해요 ! ! 전에는 은행이나 atm기 까지 가야했는데 그럴 필요가 사라 졌어요 ! ! 게다가 한달에 5번정도는 무료로 송금해줘서 완전 개이득 ! 1
282,쓰레기임 아니 내가 웹툰을 볼려하는데 소설로봐서 한산 20화를 뛰워서 볼려고했는데 안됨 ! 기무래며 2일 다 채웠는데 쓸레기 앱임
283,하나은행 어플은 잔액조회하려면 맨날 로그인해서 불편했는데 이건 계좌를 등록해놓으면 간단히 조회가 가능하니 편하고 좋네요 
284,잘 사용하고 있습니다 ! 캐쉬 제한 빼고 \( 쥬륵 \) 
285,진짜게임좀하자고 인증막아놓면 뭐하자는건데 인증좀하게해달라고 망할놈들아
286,카카오에서 만든 거라 깔았는데 거의 유료고 볼맛도 없고 
287,간편하고 수수료 또한 없이 송금가능하여 너무 좋았습니다 계속 이용하겠습니다 감사합니다 
288,2000캐쉬 준데서 회원가입하고 추천인하면 바로 지급된다면서 왜 쿠폰안주는데요 \? 장난합니까 \? 이럴꺼면 이벤트 왜하는지 모르겠네요 이벤트 시작한지 만하루도안되서했는데 하 진짜 어이없어서 빨리 2000캐쉬주거나 답변달아주시면 감사하겠네요
289,대여를 했는데 내용이 안보임 내 돈만 먹은거임 \? \? \? \? \? 
290,선물하기 기능 꺼라 아주 뒈질라고 선물기능땜시 확인하는것도 귀찮다
291,참 형편없이도 만들었네요 이게뭔지 로그인 본인인증하나 하는데도 오류 투성이 첫날이라 이럴꺼 알았으면 미리 대비를 했어야지 이렇게하면서 뭘 하겠다는건지 참 수준이 보인다
292,자유이용권이래서 한달치삿더니 뭐 \? 표시된것만 살수잇다고 \? 하 본거없이 일주일이 지낫네 하 욕이저절로 나옴 이용권사지마셈 그냥 돈내고 보라는거임 별하나도 아까움 
293,저기여 \? 저번 부터 뭐하는 겁니까 \? 제가 학생인데 학생들도 무료 충전할수있게해줘야줘 그리고 캐시지급도 똑바로 해줘야될거 아닙니까 지금 장난치는것도아니고 캐시지급좀 제대로 해주세요 저기여 장난 해여 \? 아무리학생이어도 따질건좀 따져야겠네요 캐시지급이 아직도 제대로 안되고있네요 리뷰보고있어요 \? 앱관리도못하는데 이앱은 왜 만드셨데 차라리 만들지 말지 만들어서 관리도 못할거 뭐하로 만듭니까 \? 진짜 부탁드립니다 만화는 다제밌어요 그건다좋은데 캐시만좀 어떻게 해달라고요 그렇게 어려운 부탁도 아니잖아요 
294,시도 자체가 매우 좋다고 생각합니다 부족한 부분은 고객들과 소통하며 채워 가면 된다고 생각합니다
295,"아주좋아요 한번에 계좌확인되는것도 좋고 카드발급내역도 조회되고 카카오페이 , 네이버송금보다 월등히 낫습니다 충전 , 본인계좌송금불가도 없고 증권사지원도되고요 좀더 지원기관 늘어나면 최강일것 같습니다"
296,허니블러드 넘 재미있음 더 퀸 침묵의 교실보다 재미있음 조금 더 말이죠
297,만화나 소설이 아예 들어가지않아요 실행이 안되구요 빨리고쳐주세요
298,말이 필요없이 그냥 핸드폰사면 카톡 다음으로 깔아야되는앱
299,훌륭한 앱입니다 일일이 atm기계 찾으러 다닐 일 없이 이 앱 하나만 있으면 모든게 해결됩니다 또한 예산 측정하기에도 쉬워 효과적입니다 
300,업뎃하고 속도가 말도안되게느려졌어요 뭐때문에 업뎃을했는지 모르겠지만 진짜굉장한 인내심아니면 화가날지경이네요 이문제빨리개선해주세요 
301,모든은행다있는줄알고다운받고송금할려니까신한이없네요 언제해주실꺼에요신한빨리해주세요
302,근데 이거 로고인해야되는거에요 \? 혹시나 물어본거에요 제폰이 이상해서 물어본겁니다 
303,진짜 잘쓰고있습니다 생활이 너무 편해지네요 만들어주셔서 감사합니다 ! ! 
304,두 말 하면 입 아프고 세 말 하면 간첩입니다 다른 별에서 오지 않은 이상 이 앱의 별점을 5개 주지 않을 이유가 전 혀 없습니다 인류 최고의 어플 중 하나입니다 
305,이때까지 잘쓰고있었는데 오늘 돈을 보냈는데 2번중복되서 보내지네요
306,업뎃을 하셨는데 다운하고 보는걸로 하셨더라구요 그런데 저포함해서 몇몇분은 오류떠서 못보고있습니다 혹시나해서 메모리용량까지 확인해봤는데 용량은 많이 남았구요 자꾸 오류떠서 못보는데 이거 어떻게 하실건가요 제 폰의 문제인가요 \? 
307,문제라고 한다면 더럽게 어렵고 힘들게 짜여진 대한민국의 은행시스템
308,이체를 정말 편리하게 할 수 있도록 도와주는 직장인 필수앱 입니다 이용하는 모든계좌를 등록할 수 있고 원할때 바로바로 인증서없이 보낼수 있어 너무 잘 활용하고 있어요 토스 화이팅
309,"아니 아쿠아맨 미리보기를 눌렀는데 로딩만 계속되더니 어느 순간부터는 로딩도 멈추고 아예 폰이먹통이 되네요 , , , , , 30분정도 기다려도 안되길래 강제재부팅 해서 껐어요 해결해주세요 , , , 폰이 이상한건가 해서 다른폰으로도 해봤는데 똑같은 현상이일어나네요 , , "
310,해피머니 문화상품권도 등록이 가능하도록 개선해주시면 안될까요
311,갑자기 앱 다운받고 회원가입 까지는 참겠는데 광고 무조건 동의고 선택이라하면서 무조건 동의 해야만 해야 앱 쓸 수 있음 이네요 고객의 의사 선택은 없이 무조건임 회원가입 하다 짜증나서 결제방식을 제가 바꿉니다 이런 대기업 횡포 극혐
312,어처구니가 없습니다 업데이트 후 접속이 안되서 문의하니 기기변경을 하라고 합니다 제가 현재 쓰는 폰이 갤3라 안되는 것이라고 합니다 정말 말이 안됩니다 은행에서 사람가려가며 돈 받습니까 \? 컴퓨터 일정사양 안되면 인터넷뱅킹 못합니까 \? 종이통장도 없어 내역 확인도 어려운데 정말 무책임합니다 주변사람들에게 쓰지 말라고 할겁니다 
313,어플을깔앗엇다가 지우고 다시깔려닌까 무슨서명이안된다고하면서 깔리지도않네요
314,"업데이트를 어떻게 하기에 , 와이파이를 연결해서 진행을 해도 속도가 이리도 느린건지 "
315,카톡계정을 일이히쳐야 해서 귀찮고 다까먹었고 인증번호가 계속않와요 자동입력 않될까요 \? \? 
316,너무 많이 재미있고 많이 표현하고 싶지만 글짤르 쓰는게 500밖에 안되네요 엄청재밌구 친구한테도 추천 많이하고 있어요 ! 친구들이 책을 싫어한다고 하더군요 그래도 읽어보라고 게속 추천중이에용 ! 그 쿠키1000개 당첨되게 해주세요 ! 저 쿠키얻어서 다른것도 보고싶어요 재발 당첨만하게 해주세요 
317,진짜 짱편하고 짱좋아요 리뷰 안남기는데 이건 너무 편하고 좋아서 남겨요 
318, 같네 100캐시도 쓸수 있으면 주라고 진짜 짜증나게 지금 뭐하는 짓이야
319,맨날 같은 업데이트 내용 써놓고 뭘 업데이트 하는 거죠 \? \? 
320,"매일 무료화만 챙겨봐도 100캐시 , 소설 1화 무료로 볼수 있도록 해주던 이벤트가 유료 5화 \( 500캐시 \) 를 써야 100캐시를 주는 이벤트로 바뀌었다 민심 떡락 각 아니냐 시리즈나 가자"
321,왜 불편하게 앱을 깔라는거임 그냥 번호주고 메세지보내주면되지
322,넘좋아요 상대방계좌번호를 몰라도 빠르게 이체할수도있고 로그인안해도 남은돈이 얼만지도 알수있어요 ! 
323,제 토스계정에 있는 돈을 제 은행계좌로 보내려고할때마다 네트워크 혹은 서버 불안정이라며 보내주질 않습니다 그러면서 앱을 업데이트 하라고하는데 스토어로 들어가보면 이미 최신버전이라고 하고 뭐 어쩌라는 건가요 \? 
324,계좌번호없이 연락처로도 간편하게 송금할수있어서 너무 편리하게 잘 쓰고있습니다 
325,재미있는 만화와 소설 덕에 지루하지 않은것같아요10점만점에10
326,왜자꾸 통장명의가 다르다고 뜨는지 시작도 못하고 있네요 
327,편리하고 좋군요 이런 어플을 이벤트랑 같이 쓰게 될 수 있어서 좋습니다
328,일단 너무 복잡하고요 폰통장인줄 알았더만 택배였네요 \? 전 택배 일줄은 몰랐죠 그래서 엄마한테 혼났네요 
329,아니 자꾸 튕겨 뭘 볼수가 없어 재시작하라고 하고 요즘 왜 그러냐
330,초대받고 링크타서 가입을했는데 저도 천원이안들어오고 상대방도3천원이 안들어오네요 확인부탁드릴게요 
331,재미있는 만화하고 소설도 있어 넘 좋음 근데 아쉬운 점은 캐시 선물 기능이 없다는 점 그래서 캐시 선물 기능이 있었으면 좋겠음
332,항상 빠른 답변으로 문제의 해결방안을 내어 주시는 카카오 페이지입니다 운명진분들의 노력으로 빛나고 있습니다
333,토스어플이 들어가지지가않아요 어떻게해야하나요 \? \? 
334,완전 짱 좋아요 ! ! 다른은행으로 입금하는데 수수료도 안붙고 대박이에요 ! ! 크게 성장하실겁니다 대박나세요 ! ! 
335,공인인증서 보안카드 귀찮은 과정 없어서 너무 좋아요 \) 
336,늦은 시간까지 상담해주신 토스상담원에게 고마운말을 전달하고싶구요 앞으로 토스 번창하시고 많은 발전 기대할께요 ! 
337,복잡하지 않고 사용하기 편한 현존 금융앱중에서 토스만한건 아직 못본거 같네요 
338,정 말 좋습니다 간편하고 빠르게 송금할 수 있어 은행 앱말고 항상 토스씁니다 토스어플 쭉 이어지길 바랍니다 ! ! 
339,제가 웹툰을 볼려고 할때마다 자꾸 해당데이터가 없다는 소리를 해대서 다시깔았거든요 \? 근데 또 그러네 이거 어떻게 된거임 \? 얼른 고쳐라 레알 빡도네
340,소설 볼때 검은화면만 뜨는 오류 좀 고쳐주세요 껐다켰다 무한반복을해도 검은 화면만 뜨고 짜증나서 못보겠네요
341,비슷한 서비스를 제공하는 다른 앱들이랑 비교하면 어이가 없네요
342,금융 서비스 어플리케이션이 기본 인프라 구축도 제대로 못한거에요 이용자가 많아서 다운 \? \? 말도안되는소리 ! ! 디도스공격하면 어쩔건데 \? 이미뻗는구만 뭘믿고 돈을 맡기라는거지
343,너무너무 편하게 잘쓰고 있습니다 ! 우리은행은 계좌는 등록 할 수 없나요 \? 우리은행도 사용할 수 있게 해주세요 
344,카드 간편결제가 사라지고 무조건 카카오페이를 이용하게됫네요
345,사업확장좀 적당히 하고 로그인 문제나 자잘한 버그들 고치세요 
346,굉장히 편하네요 돈보내기가수월하고 수수료도달마다몇회씩무료라유용합니다
347,100캐시나온건 너희들 상술그럴것 같아서 괜찮은데 뽑고 확인 눌러도 캐시가 안생겨 그래서 다시들어가서 뽑아서 100캐시 또나오고 근데 수령이 안돼잖아 거의 5번쯤 반복했거든 \? 카페 노답이다 카페에 지른돈만 17만원쯤됄텐데 그거주는게 그렇게 아깝냐 추가 지금 오류떴다고 다시보내줬는데 그것도 그러네 해결을 하고 보내주던가
348,잘보고있었는데 갑자기 로그인실패만 자꾸뜨면서 들어가지지가 않네요 대여권으로 산거 정독하려고했는데 이게 무슨일인가요 장난치는것도 아니고 하나이 200캐시나 하면서 대여해놓은거 기간만료되면 책임지세요
349,아니 파이널판타지 힘들게 성채 10 레벨 해서 캐시받을려고 하니까 안돼잖아요 별 1개도 주기싫다 진짜 내가 얼마나 열심히 하루종일해서 성채 10 만든건데 다신안할까싶네요 \? 
350,문제 해결이 빠르네요 ! ! 잘 보고 있습니다 좋은 앱 만들어줘서 감사합니다 
351,이미라쌤의 인어공주를 위하여 를 드디어 볼 수 있게 되었네요 ! ! 정말 감사합니다 
352,"혹시 계좌 아이디 , 비밀번호 알아낼 수 있는 방법 있을까요 \? "
353,앱 실행을 위한 초기화에 실패했다네요 갑자기 왜 이런 거죠 \? 
354,카카오톡 업데이트하고 나니깐 갑자기 로그인이 안되네요 개실망 그냥 깔지 마세요
355,송금지원금 받을려고 눌렀는데 실행안돼고 다시 화면이 처음으로 돌아가는거죠 이거왜이러는 거예요
356,복잡한거 싫어하는 편인데 이체할때마다 번거로워서 귀찮았는데 너무 좋은거 같아요 완전 좋아요 
357,진짜 최고네요 정말 간편하고 보안도 처음엔 못미더웠는데 faq에 설명 보니까 믿음이 가네요 ! 토스 어플 만들어 주셔서 정말 감사합니다 제작자님 ! 
358,야 님들아 캐시 뽑을때 계속 100캐시만 나오면 그냥 보삼 꽝이 없는거잖아 꽝이 없는거만으로도 감사해 그리고 100캐시로 소설 보삼 글 못 읽음 \? 소설도 재밌어 100캐시 나온다고 칭얼대지말고 그냥 아무거나 보세요 100캐시 \? 야 그냥 보라고 100캐시 나온게 운영자 잘못이냐 \? 님들이 운이 없어서 그렇게 나오는거잖아 생각좀 해 그리고 꽝 있는 뽑기 앱에서 님들 다 당첨만 나왔음 \? 꽝 더럽게 많이 나와 근데 여기선 꽝 대신 100캐시를 주는거잖아 꽝 없는걸 감사히 여겨 \? 이해 오키바리 \? 이거 이해 못 함 \? 그럼 차근차근 다시 읽으삼 결론 100캐시 나오는것만으로도 감사해라 운영자님 악플들 걱정마세요 아 그리고 카카오페이지 정말 재밌어요 ! ! ! ! ! ! 
359,엄청 편하고 좋아요 ! 시중 은행중 최고라고 생각합니다 ! 
360,책대여점은 대출기간이 3일인데 네이버는 1일이라 대여후 그날 다 읽어야하는 불편함이 있음
361,조금 제한적이긴 해도 안불편해요 항상편하게 잘 이용하고있어요 
362,와 진짜 개빡치는게 웹툰좀 보러 들어가면 맨날 오류뜨고 다시해보라는데 이래서는 웹툰을 볼수가없잖아요 빨리 좀 고쳐주세요
363,만보기해서 적립할때랑 퀴즈하러갈때 왜 계속 로딩만 뜨고 아무리 기다려도 안되네요
364,ars전화로 인증을 해야하잖아요 그럴려면 인증번호치는 창이 떠야하는데 안뜸니다 
365,새리뷰 이벤트 하지 마세요 정말 신용도 제로네요 전산 감당이 안될 때 현금 계산하게 만들어놓고 무슨 이밴트 \? \? 이전리뷰 금융 어플 리뉴얼은 매우 신중해야하며 이번 어플 편의성은 증대되었지만 네이버를 쓰다가 구글을 쓰는 느낌으로 이번 리뉴얼 변화가 좋은 시도는 아니었음 
366,"오늘 접속이 안 되어서 카카오톡 플러스친구에서 상담원께 문의했습니다 현재 오류가 나서 원활하지 못하다고 하시면서 죄송하다 , 이해해주셔서 감사하다고까지 하시더라구요 친절한 답변 저도 감사하다고 여기에 몇 자 적습니다 잠깐 불편한 것 뿐이니까 너무 급하지 않게 잘 처리되었으면 좋겠습니다 더운데 고생하세요 ! "
367,아무리 그래도 토스머니계좌에서 내 계좌로 출금하는건 수수료 안받아야 하는거 아닌가요 \? 토스머니계좌가 따로 존재하는 이유가 뭔지 
368,광고 맞춤설정 선택 해제를 비활성화 하셔야 참여할실 수 있습니다라고 나오는데 광고 맞춤설정 선택 해제 버튼이 어디 있나요 \? \? 
369,제가 별점 1점 준 이유에 대해서 말해드리겠습니다 1 토스에서 하는 반짝특가에서 평균 응모횟수를 공개하다가 갑자기 공개안한 점 에어팟 할때만해도 분명 평균 응모횟수를 공개하였지만 닌텐도 스위치 동물의숲부터는 갑작스럽게 공개를 안함 고객센터 문의해도 회사 내의 규칙상 공개가 불가능하다고 고지 2 개인정보 유출사건에 대해 개인 정보 유출된 점 보완을 찾을려고 하지않는점 물론 해당 사용자의 개인 정보 유출은 그분의 잘못은 분명하나 사용자들은 어떠한 공지도 없으니 불안할뿐 3 첫번째 사유 이후로 토스에서 하는 이벤트를 믿기 힘들어졌으며 불투명한 당첨으로 오히려 믿음이 없어지기 시작함 연락처 송금과 편리한 사용성은 인정하지만 보안과 이벤트 당첨결과에 대한 불투명성이 합쳐졌네요
370,제 핸폰은 안드로이드버전 4 2 2가 끝이라 3월 19일 이후론 토스를 못쓴다 이렇게 보면 되겠죠 \? 
371,"이해가 안돼요 제가 2002년생이고 이번년도 생일도 지나서 주민등록증도 발급받았고 만 17세 이상이 되었어요 그래서 카카오뱅크 깔아서 계좌개설 하려고 이름과 주민등록번호 입력했는데 자꾸 등록되지 않았다고 하고 실명정보가 잘못되었다고 하고 , 코리아크레딧뷰로라는 곳으로 전화하라고 하고 이게 뭐죠 \? 만 17세 이상은 되는거 아닌가요 \? 설명서도 몇번이고 읽어보고 , 네이버에도 검색하고 , 카카오톡으로 상담까지 다 해봤는데 자꾸 전화해서 물어봐라 , 만17세 이상은 된다 , 주민등록증 발급받은 사람은 된다 라는 똑같은 대답만 보여요 혹시 이 앱에서 오류가 있는건 아닌가요 \? 빨리 카드 만들고싶은데 이게 무슨 일인가요 \? 정말 답답합니다 되도록 빠른 답변 부탁드릴게요 빨리 개선시켜주세요 할수있는 최대한요 왜 안됀다는건지 이해가 되지 않네요 "
372,카톡문의도 바로바로 답해주시고 또 너무 친절하세요 재미도 있으시고 사용하기도 편리하고 좋아용 
373,그런데 송금내역을 찾을수 없어요 제일 기본이 되는 송금내역을 쉽게 찾을수 있게 만들어야지 이전에 있던것도 없애버리고 갈수록 더 불편해지는건 무엇때문인지 \? 토스 로고도 바뀌어서 매우 헷갈리고 송금내역 버튼을 찾으려고 다뒤져도 없어서 화가나고 다신 이용하고 싶어지지 않네요 페이코처럼 눈에 띄게 해주세요 송금하고 제대로 갔는지 확인할수 있게요 
374,제가 오늘 1000캐시 뽑기권을받앟는데요계속 팅기고 뽑지못하겠네요 오늘까지가 마감인데 다른건 다들어가지는데 이것만그러네요고쳐주셨음 함니다
375,네 완벽해졌습니다 pc에 까지 댓기능 만드시면 별점 5개 안줄수가 없잖아요 ! 
376,최악의 어플 리뷰 안남기는 편이지만 이렇게 유용하지 않은 어플이 있는게 놀라워 적습니다 정말 힘든인증 광고도 계속뜨고 구매하고팟던걸 사려면 어쩔수없이 설치했습니다 사고나면 바로삭제하고 쓸 일도 없었음 좋겠습니다
377,황당하네요 본인인정 절차에서 입력정보가 맞지않다니 생년월일을 잘못쓴것도 아니고 전화번호를 잘못쓴것도 아닌데 입력정보가 틀리다니 황당 그차체네요
378,아주 좋습니다 무료송금 횟수 20회 정도로 늘려주면 더욱 좋을것 같습니다 
379,아이폰이랑 달리 txt 파일이 왜이렇게 보기 불편하게 나오는지
380,본인인증하는데 왜 제 폰번호가 아닌 전혀 생소한 전화번호가 나오는지요 \? 그리고 왜 수정도 안되는지요 쓰지 말란건가
381,공인인증서나 otp 보안카드 필요없이 간편하게 이체할수있고 폰만들고있으면 언제 어디서나 편하게 이체할수있네요 부정적인글들은 도대체 뭘바라는 사람들인건가요 이체를 위해 돈을 묶어두냐니요 그때 그때 필요한돈을 이체해서 사용하던지 다달이 일정이체금액을 충전해놓고 필요시 편히사용하면 되는거지 이 앱의 장점을 놓고봤을때 좋으면 감사히 사용하면되고 그래도 맘에 안들면 은행앱 이용하세요 전 너무 좋은거 같네요 앱개발자 여러분들 힘내시고 화이팅하세요
382,카톡으로 툰하나보려고하는데 꼭 이걸 깔아서 무료로 보라고한다 굳이 안깔아도 되는데 왜 끼워팔기식으로 깔라고하는지 궁금하네요 
383,제폰이 아빠명의인데 제 계좌를 입력하면 오류가 인증을 아이핀으로 하면 안되나요 \? 개선좀 해주세요 
384,매번 송금할 일이 많아서 귀찮고 미뤄두기 일쑤였는데 너무 편해졌어요 잘 쓰고 있습니다
385,이제 쓰지도 않고 있는데 자꾸 포인트 소멸된다고 아침마다 카톡옴 소멸되면 안오겠지 하고 냅뒀는데 몇달동안 계속 기간연장해가면서 카톡알림와서 짜증나서 깔고 탈퇴해버림 
386,아 왜신한이없나요 신한좀만들어주세요 주거래가신한인데 부탁드립니다
387,진짜로 이렇게 재밌는걸 왜 이제야 봤을까 하게 되네요 카카오페이지 진짜 좋아요 ! 
388,최신업데이트해주신것도 잘 적응하고 무료수수료로 잘 사용하고있습니다 정말 어플좋은거같네요 ! 
389,칭찬하려고 들어왔어요 약초카페에 약구한다고 올렸는데 누가 채팅으로 접근하더니 전화 번호 받아서 문자로 얘기하다가 계좌를 주길래 송금 누르니 토스송금으로 연결이 됐어요 근데 빨간색 경고알람이 떠서 놀래서 네이버에 전화번호 검색하니 사기 이력이 나오더라구요 토스 덕분에 살았어요 감사합니다 
390,빨리 업 뎃좀 며칠 전부터 한번에 들어가기도 힘들고 자꾸 로딩만 됨 소설 읽을라하면 렉걸려서 나갔다 들어와야되고 짜증남 
391,웹소설의 일러스트가 안보이는 건 아쉽지만 그래도 별 5개 드립니다
392,사랑합니다 우리은항 안된다고 빼애액 하는사람 많던데 우리은행측이랑 계약이 안돼서 그런거 아닌가여 \? 우리은행을 탓하세요 ! 토스 괴롭히지마 뿌애애애앵
393,"정말 유용합니다 otp나 보안카드 필요없고 , 모든계좌 한눈에 볼 수 있고 "
394,방금 다운을 받았는데 업데이트를 하라는게 말인지 그나마도 업데이트가 되지도 않음 써보지도 못했기에 별을 0개를 줘야하지만 기술적으로 불가하여 별 1개 드리고 갑니다 
395,이젠 내가 무슨 책을 몇편까지 봤는지 일일히 확인하고 외워가며 봐야되냐 \? 아니 왜 이 자식들은 업뎃을 할때마다 자꾸 퇴보해 \? 왜 자꾸 멀쩡히 잘 쓰고있던걸 지우냐고 지난번에는 커서를 지우더니 이번엔 관심목록 업뎃 날짜까지 지우냐 \? 업그레이드라메 \? 이꼴이 어딜봐서 업그레이드야 다운 그레이드지 왜 점점 더 불편해지냐고 아 진짜 관심목록 당장 원상복구 시켜라 이번주 내로 복구 안하면 딴 플랫폼으로 갈아탈거다 유료 컨텐츠 주제에 이딴식으로 운영하지마라
396,앱다운 후 실행을 해도 캐시를 안주네요 분명 처음 다운하는 것인데도 안주네요
397,단한번의 오류없이 편하고 빠르게 이체가능해서 수달간 정말 잘 사용하고있어요 토스 항상 응원합니다 
398,공짜로 돈도 보낼 수 있고 참 좋은 앱인 것 같습니다 ! 
399,인증하라고 그래서 인증했는데 연령정보를 가지고 오는도중 실패했다나 \? 그래서 기다리면 볼수있는 만화를 못보는 상태입니다 빨리수정해주시길 바랍니다
400,업데이트를하라고 뜨는데 업데이트하러들어오면 업데이트버튼자체가 없음 빨리 조치해주세요 
401,친구 즐겨찾기 안해둔게 이번에 바뀌면서 강제로 즐겨찾기 되어있고 심지어 친구 즐겨찾기 수정도 안됨 문의했더니 이런 오류 꽤나 있는데 뭐 아직도 바뀐 건 없음 쓰기에도 불편하고 이제 카카오로 넘어갑니다 개구리다 진짜
402,핸드폰이 2g라서 토스를 설치못해서 공기계에 하려고 하는데 유심이 없어서 못해요 다른방법이 없나요 \? 컴퓨터로도 이용이 불가능하죠 \? 
403,항상 수수료랑 보안카드때문에 귀찮았는데 너무 편하고 좋네요 ! 
404,g3사용자입니다 어느순간부터 엄청 반응이 느려졌습니다 확인부탁드려요
405,이체 수수료 무료 기준을 이체했을때마다 몇번남았는지 알 수 있으면 좋겠네요
406,만 12세 이상이라 다운했는데 만14세 이상부터네요 제가 만 14세가 안넘는데 혹시 나중에 개선이 된다면 만12세부터 사용할수있으면 좋겠네요 
407,공지도없이 점검때리는 곳이 카카오라는 대기업입니까 \? 이건 뭐하자는 
408,머니트리 깔았는데 왜 캐시가 안들어요죠 \? \? 빠른시일내로 고쳐주시길바랍니다
409,잘 쓰고 있습니다 혹시 안드로이드 8 1 오레오는 지원 하나요 \? 알려 주세요
410,딸이 송금했다하여 앱을 깔고 인증했는데도 입금이 안되는건 왜인지 \? 
411,갑자기 잘 되다가 웹툰이 안열려요 일시적인 현상인가요 \? \? \? \? 
412,완전좋아요 재밓는것도 많구 스토리도 딱제취향 ! 기다리면 무료도좋아요 ! 
413,왜 자꾸 설치가 안되어있대 \? \? \? \? \? \? \? \? \? \? 
414,언제 어디서나 시간과 장소 상관없이 송금하고 잔액 확인할 수 있어서 좋습니다
415,정말좋은앱이라고 생각하고 편리하다는것을 느끼고 있습니다 앞으로도 더욱 더 좋은 앱으로 남아있어주세요 
416,네트워크 오류가 나더니 출금이 2회 연속으로 빠져나갔네요 어떻게 된건가 싶어 재접속하려고하니 아예 들어가질 못하고 있어요 서버문제인거 같은데 빠른 대응 부탁드립니다 
417,"앱과 pc사이에 연동이 안됩니다 앱에서는 인증이 됐다고하는데 , pc화면에서는 가입되지 않은회원이라고 뜨네요 한달전까지는 원활히 됐는데 갑자기 인증이 먹통이네요 당장 가입해야할 사이트가 있는데 pass때문에 지연되고있습니다 제가 입은 불이익은 보상해주실건가요 \? 제발 개선좀 부탁드립니다"
418,일년넘게 잘 사용중입니다 한가지 고쳐졌음 하는게 계좌를 새로만들고 연결하려는데 전자금융장기미사용으로 사용할수가 없다네요 해당은행가서 미사용해제 했는데 토스에는 왜 반영되지않죠 \? 
419,"간편한 송금 , 그리고 편리한 송금 내역 확인 , 바쁠땐 최고 임다 "
420,"짜능나는 앱 , 이유는 알지 \? 서비스안정회는 무슨 ! 정말 쓰레기같은 앱을 만들어 불편을 가중시키고 있네 ! 복잡한 인증 빠르고 쉽게 \? \? \? \? \? 말이 되는 소린지 ! "
421,톡에서 만화를 볼수있어서 좋은것같고 리뷰보니깐 살짝 불편한감도있겠지만 별하나주고 삭제한다고 항의글 \( \? \) 은 없는거 보니깐 그만큼 좋은것같아요 
422,캐시 뽑기권을 받아서 뽑았는데 캐시가 들어오질 않네요 오류라고 해서 다시 보내주셨는데 그것도 되질 않아요 확인 부탁 드립니다
423,기무로 바뀌는 건 좀 아닌 것 같네요 미리 공지를 해주지도 않고 대표작들을 기무로 바꾸시면 보고 있던 사람들은 어떡합니까
424,돈에 환장한거 같음 솔직히 책한권 사는데도 만원이 안드는데 만원씩 써야하고 이벤트한다치면 전부 광고고 최대 얼마 이벤트인데 100원이상은 당첨되본적도 없고 야 진짜 돈부담되서 책도 못보겠다
425,"아직까지 환급에대해 별다른 문제가 없었고 , 설사 문제가 생기더라도 문의한 점에대해 빠른 피드백이 좋은것같아요"
426,일단 엄청 간단하고 공인인증서없이도 할수잇다는게큰 장점입니다
427,머니트리 500캐시가 안옵니다 빨리처리해주세요 전에도 다른앱깔아서400캐시 받아야 하는데 오지않았습니다 이것 까지 바라지는 않을테니까 머니트리500캐시좀 주세요
428,이맵 완전완전 좋아요 ! ! ! ! ! 소설도 많쿠 웹툰 많쿠 ! ! ! ! ! 이맵 완전 강추강추강추 ! ! ! ! ! ! ! ! ! ! 
429,야놀자 다운받았는데 캐시지급을 못 받았어요 확인해주세요 ! 
430,친구가 소개해서 다운받았는데 정말 간단하고 급하게 이체 할 있었는데 회사에 보안카드 놓고 왔을때 토스 이용해서 소액 이체 가능해서 난감한 상황 모면 했어요 ! 감사합니다 
431,제가 여러 소설들을 봅니다 그런데 원하는 소설이 없으면 결국 다른곳을 찾아봐서 불편합니다 게다가 게임 캐릭터로 무림에 가면 이라는 소설은 독점 계약도 아닌데 카카오페이지에 없어서 좀 당황했습니다 가능하다면 최대한 많은 소설들이 채워졌으면 좋겠습니다 그리고 기다무를 이용할때 인기순이나 대여순이나 댓글순이나 제목순 등등 선택하여 순서대로 볼수있게해주세요 솔직히 너무 어지럽게 여기저기 흩어져서 찾기도 불펴하고 재미있는게 있나 하고 찾아도 나중에 다시 그자리를 이어 찾는게 불가능할정도라서요
432,"아니 잘 보던 웹툰 유료화 , 기무 만들어 놓고선 아니 여태 미리보기 샀던건 다시 주신다면서 제가 정확히 8200원 질렀지만 0원 주셨네요 실망입니다 "
433,토스 업데이트 하고 송금을 하는데 업뎃 되있는데 또 하라하면서 송금이 안돼네요 오류인가요
434,"기무로 바뀐 작품들 환불을 17일에 지급했고 , 지급 기준이 9월 14일 이후에 구매한 것에만 해당된다는데 공지사항에는 그런 사항이 없습니다 미리 공지를 할때 안 알려주고 이제와서 다 지급했고 대상이 아니다라고 하시기 전에 공지사항부터 제대로 쓰셨어야죠 기분만 더러워지네요"
435,정말 좋은데요 업뎃 작작합시다 정말 좋은데요 제가 볼 때는 항상 업뎃을 하는것 같은 
436,너무 편하게 잘 쓰고있습니다 어디서나 인증이 필요한데 비번한번이면 되니 너무 편합니다 일일이 문자로 인증번호받거나 전화로 인증했었는데 패스앱 진작쓸걸 후회되네요 너무 편하고 최고입니다 
437,쓰기 편해요 5회 무료송금이 한정된게 아쉽지만 보안은 확실해요
438,참편하고 실용적인 앱입니다 송금전용만으로도 사용하기 충분히 너무 좋아요
439,쿠키들 이용권으로구매가능하게해주십셔 무료쿠키기한이너무짧아요
440,같은 카카오톡 아이디인데 핸드폰이 본인명의 아니라고 계정이 새로 계설 되네요 원래 카카오뱅크 아이디는 사용 못하는건가요 \? \? 제 명의 일때 발급을 받아서 사용하고 있는데 핸드폰 바꾸고 본인명의가 아니라서 원래 계정을 못쓰는게 말이 됩니까 \? \? 하다못해 카드번호로 조회해볼 수 있게라도 하거나 본인명의 핸드폰이 아니여도 카카오 계정만 같아도 사용할 수만 있엇으면 좋았을텐데 아쉽네요 어떻게 안되나요 \? \? 심지어 카드 만들때도 민증 재발급 받아서 한달 기다려서 발급 받은지도 몇일 안되는데 도움이 안되네여 
441,아니요 왜 얘가 보낸 돈이 입금이 되지가 않나요 \? \? \? 
442,"초일 , 송백 등 고전무협 명작들이 있는 것까지는 좋았으나 심한 오타 , 내용누락 같은 치명적인 실수가 너무 많습니다 돈을 받고 그 작품들을 판매할 자격이 있다고 보십니까 \? "
443,완전 순정만화도 많고 달달하고 웹툰 하나하나가 재밌어요 
444,비밀번호에 쓰는 특수문자 키가 없네요 공인인증서 로그인 자체가 불가능합니다
445,좋아요 근데 왜 송금하려는데 계속업데이트하라고하는거죠 \? 업데이트가되어있는데 그래서송금이안되고있어요 
446,정말 너무편하고 다좋은데 카카오뱅크는 아직 못하나요 \? \? \? 
447,현재 계좌부터 토스잔고까지 싸악 날라가서 지금당장필요한데 사용이 안됩니다 
448,돈에 눈 멀었어요 몇몇 작품 빼면 작품 빼면 퀄리티도 낮구요
449,아니 저번부터 g마켓 보상 받은 적이 없어서 포인트 받으려고 다운하고 실행했는데 보상을 안줘요 재설치도 해보고 폰 재부팅도 해봤는데 보상이 안들어 옵니다 그리고 위비플랫폼 가입하기 눌러서 링크 타고 설치해서 회원가입을 했는데 지급이 안되길래 위비라고 들어간 어플들 모조리 깔아서 회원가입을해도 보상이 안오네요 g마켓도 안되고 위비플랫폼도 안되고 2400캐시는 안들어오고 보상을 해야 한다고 생각안하나요 \? 생각만 하질 말고 오류 수정하고 보상이나 해줘요 제발 이런게 한 두번도 아니고 여러번 다른 것들도 이러고 for kakao 게임들도 캐시도 안들어오고 오류가 한 두 가지가 아니에요 제발 좀 관리 좀 해요 캐시 좀 내놔요 하라는거 하는데도 안주고 데이터만 나가게 해놓고 정작 캐시는 지들이먹어 치우고 이딴식으로좀 하지 마세요 추잡해 보야요
450,너무좋아서 리뷰 생애최초로 첨써봐여 개좋음 굳 ! ! ! 
451,사용시 편리한게 마음에들고 카드도 신청하였으나 아직 미사용중입니다 플레이트카드 화면과는 조금 다르지만 스티커를 붙일수있어 색다르긴 합니다
452,송금도쉽고완전좋아요이어플깔고나서유용하게잘사용하고있어요 ! 
453,좋은은행 카카오뱅크 앞으로도 쭈욱 좋은은행으로 성장하시길 
454,자녀들이 카카오 뱅크를 이용하니 용돈 줄때 갑자기 급하게 필요하다고 할때 넘넘 간편해서 좋아요 자유롭게 금액의 크기를 떠나 저축하게 되서 더욱 좋은것 같아요 
455,정말 편리하게 잘 사용하고 있어요 다만 업데이트때 너무 많아 안바뀌었우면 합니다 
456,본인들은 앱 만들고서 안써보시는건가요 \? 인증을 위한 앱인데 인증하면 예전화면으로 돌아갈수가 없어서 아무런 쓸모도 없네요 멀티 태스킹기능 이용해도 소용없습니다 또 다운받을 때마다 버젼이 다른건지 구버젼이 다운받아지기도 하네요 이렇게 만들기도 쉽지않아보입니다 
457,폰트가 안 변경 됩니다 텍스트 들어갔는데 고딕이나 평범한 폰트가 아니라 무슨 2000년도 에나 쓸법한 폰트로 나옵니다 폰트 어떻게 변경합니까
458,"깔아놓기만 하고 쓰지도 않고있는데 갑자기 프라임 1개월 결제라면서 통장에서 자동으로 빠져나갔네요 회원 탈퇴를 해도 이미 결제됐는데 환불도 안될 것 같고 , 애초에 자동으로 돈이 빠져나간 것도 이해가 안가네요 "
459,사용하기 편하고 좋아요 개인인증시 문자보다 빠릅니다 이름과 전화번호만 넣으면되요 
460,이거 제가 써봤는데요 실명 인증 할때 이름이 틀렸다면서 안되요 이거 좀 이상해여
461,아니 왜 계좌내역 확인하는데 이렇게 오래 걸리나요 \? 요근래 너무 오래 로딩만 되서 그냥 원래 은행 어플 들어가서 씁니다 진짜 무용지물 어플
462,입출금이 편해서 자주 이용하고 있는데 오늘 이체서비스를 이용하려고 하는데 안되네요 빠른해결 부탁드립니다
463,업데이트 사용자들 기만하세요 \? 나 참 어이가없어서 쓸때없는 타임라인 그런거나 만들어서 데이터 용량만 잡아먹게하고 뭐 하나 오류때문에 되는게 없네요 수수료 500원을 때먹고싶으면 기존에거 유지하고 때먹으면되지 갑자기 수수료 때먹는게 뭐 자랑이라고 번지르르하게 업데이트를해서 똑바로 이용도 못하게 만든답니까 \? 
464,완결된웹툰 볼려고하는데 내이버북스 참 짜증나네요 돈주고 봐야된다는게참 웹툰볼맛이안나네요
465,완전 좋음 ! ! ! ! ! ! ! ! ! ! ! ! ! ! ! ! ! ! ! ! ! ! ! ! ! ! ! ! ! ! ! ! ! ! 
466,먼일인지 자꾸결제한뒤 안읽히고 멈추고 개똥망서비스 신공 시전
467,"다 좋아요 다 괜찮은데 왜 한번도 그냥 캐시뽑기를 주지않는거죠 \? 다른분들 이야기 들어보니깐 캐시뽑기 그냥 준적 많다고 하던데 , 전 캐시도 꽤 많이 사는편인데 한번도 그냥 캐시뽑기를 준적이 없어서 댓글 남겨요 답글 달아주시면 좋겠어요 , , "
468,지웠다가 다시 사용하려는데 농협 앱으로 계좌 확인을 하라네요 아직 청소년인데 어쩌라는 말인가요 \? 
469,맨날 입금하러 나갔다 왔었는데 훨씬 편해졌네요 그 덕분에 제 귀중한 지방이들도 그대로 있어요 감사합니다
470,편하게 잘 사용하고 있습니다 제가 가지고 있는 타은행계좌 사이에서 송금하는 것과 팀원이나 지인들과 비용을 더치페이하는 용도로 많이 쓰고 있습니다 
471,와 신세계 송금 할일 진짜 많은데 너무 진짜 너무너무 편해요 ! ! ! ! 만드신분 짱 ! ! ! ! 울엄마두 깔아드려야겠음요 
472,영화 중간 쯤 보다가 한번 튕기더니 재생도 안되고 불러오기만 계속 뜨네요 인터넷도 정상인데
473,노트5를 쓰고있습니다 제가 1월28일이 생일입니다 지금 12시가 지나서 만15이상이 되어서 인증을 했습니다 근데 왜 인증을 했는데도 못보는거죠 \? 영자님 관리 좀 제대로 해주세요 아무리 좋은 앱이라도 뭐해요 이런것 때문에 말짱도루묵같은데 영자님 제발 관리좀 제대로 해주세요 
474,사기어플임 카톡 문의로 문자로 온 계좌에 바로 보내는 방법 물어봤더니 생년월일이랑 폰번호 가르쳐 달라네요 기종마다 다르다고 하면서 그말듣고 바로 지움 통장 잔액 다 털릴것 같아요
475,왜 기다리면 무료가 됐죠 \? 그것도 소장권도 아니고 대여권으로 심지어 공지도 없이 바뀌었는데 사람들이 좋게 볼리가 없지 정엘 때문에 남아 있지만 크게 실망했습니다 
476,정보 광고 수신 동의는 애초에 한적도 없고 지금 들어가봐도 동의 철회하기 가 아니라 동의하기 버튼이 뜹니다 그런데도 영화 보라면서 광고 푸시 알림이 오는건 앱을 잘못 만들었다는 거겠죠 \? cgv 6천원 할인쿠폰 푸시알림 보내놓고 안보냈다고 하는건 뭔가요 \? 
477,ez보안서비스유저는 어쩌라는거임 \? 토스에 강제 금고보관해야함 \? 
478,일단 별5개는했는데 이거하나 추가해줬으면 해서 써요 그 있잖아요 자동으로 내려주는거요 그거 하나만 넘기기 귀찮음 그거면 완벽할듯
479,"아주 만족한다 보통은 웹툰도 읽기 귀찮아서 바로 자버리는데 아주 많지는 않지만 그래도 기본적인건 있고 장르마다 또 다양하고 취향 껏 여러 만화가 있으니 골라보는 재미 또한 있는 것 같다 ! 가장 중요한 포인트가 바로 매일 10시 무료 다 아주 꿀이다 가끔 10시 무료 볼려고 이렇게 들뜬 나를 보면 참 그래도 숨길수 없는 행복함 좋아하는 만화 10시 무료 뜨면 아무리 졸려도 그건 꼭 보고 자고 , 데이터를 써서라도 꼭 본다 네이버 시리즈를 이용할 가장 큰 이유 이자 장점이다 \) "
480,무료송금 이라면서 100만원당 72원씩 가져가더라 사기꾼같으니
481,전 것 보다 훨씬 못하고 이게 뭐하는 짓 인지 검색기능 없어져서 불편하고 데이터 없어도 볼 수 있었는데 이제는 데이터 필요하고 예전이 월등히 나음
482,시간이 지날수록 점점 더 괜찮아지고 편리해지네요 감사합니다
483,네이버북스는요 \? 제 책 보게 북 어플만 따로 만들어주세요
484,아니 유료화뭐임 돈에 정도껏 미치셈 제발 내가 보는 만화 5개가 유료화된다고 하면 그냥 돈에 너무 빠진거아님 \? 이러다 사람들 다 떠나겠네 12시간마다 무료면 뭐해 정작 최신편은 돈내야 되는데
485,예상치못한오류좀 어떻게해주시죠 처음 시작하려는데 계속 닉네임치는데서 꺼지고 그래서 아직 시작도 못하고있어요
486,3일전부터 신용관리 비번까지 누르면 계속 오류뜨고 앱이 꺼집니다 지우고 다시 깔아도 똑같네요 확인부탁드립니다
487,확실히편함 가아끔생기는 오류 빼고 은행들어가서 로그인하고 계좌 일일이 쓰고 하는거보다 확실히 간편한듯 
488,단말기 정보가 없다고 하면서 사용에 제약이 있다고 하면서 앱이 그냥 꺼집니다 어떻게 해야 하나요 \? 
489,카카오페이지 오늘을 기준으로 다 바꾼단 소리는 알았지만 갑자기 재가입에 사둔 이용권까지 다 가져가시는건 아니잖아요 제가 사뒀던 내용까지 다 날아가고 500캐시 주면 다가 아니잖아요 아 
490,재미있게 잘보구있어요 가능하면 무제한 월정액같은거 만들어주세요 너무비싸요 달에 십만원은깨질듯 
491,본인명의 휴대폰이 아니면 사용못하나요 \? 리뷰평이 좋아서요 꼭 사용하고 싶어요 도와주세요
492,궁금해서 여쭤보는데요 관심도 없는데 몇십원씩 보내놓고 잔고 확인하라고 자꾸 알림 오는데 기본적으로 자영업의 경우 전화기 마비될 정도로 스팸문자 알림등등에 시달립니다 토스는 뭐하는 앱인데 원치않는데 돈보내놓고 이런식으로 괴롭히는 거죠 \? 
493,게임하면 캐시 준다면서 왜 안주죠 \? \? 심지어 적은것도 아니고 3500캐시입니다 정말 화나네요 빠른 처리 부탁드릴게요
494,아직은 신한은행이 안되서 그렇지만 월 20회 수수료무료에 간편한 이체서비스에 놀랐네요 ! 앞으로 열심히 이용할게요 
495,"3000캐쉬 뽑기에 100원 , 200원이 있으면 어쩌자는 거에요 아오"
496,하 캐시프렌즈 들어가서 티몬앱 회원가입했는데 캐쉬 안주네 진심 한 두번이 아니다 저번에도 머니트리 설치해서 하라는 거 다했는데 그때도 안줬다 아니 좀 시스템 관리좀 잘해라
497,제대로 좀 하고 오픈을 했어야지 그냥 대충 했구만 은행이 장난하니
498,그냥네이버 북으로 계속 합시다 최악 중의 최악 ! 이번 기획 누가했는지 몰라도 이건 아니다 ! 
499,100원짜리 쿠폰 3개 받았는데 악플게임 보려야는데 악플게임은 없나요 \? 
500,국내아님해외주식 준다면서 비대면계좌신청하려니 가까운 대리점가라고하네요 뭐 어쩌라는거여 주기싫음 이런 이벤트 하지마요 
501,캐시뽑기권 두번 참여했는데 두번 다 룰렛돌리다 알수없는 오류라며 꺼지고 다시 들어갈수도 없네요 
502,즐겁게 앱을 사용하고 있는 유저입니다 ! 다름이 아니라 카테고리에 맞지 않게 설정되어있는 작품 \( ex 판타지 소설인데 로판에 분류되어 있는 작품 \) 의 오류는 어떻게 문의하면 될까요 \? 
503,아니 네이버 실검장악 좀 그만하세요 뭐 누르기만 하면 맨날 다 토스야 또 광고한다고 듣보잡 브랜드 이름 맨날 떠있고 보기 불편해요 루
504,이거 다운받지 마세요 마케팅 수신동의 안했는데도 여기저기 보험 대출권유 엄청나게 오네요 \? 운영 관리자가 나쁜 사람이네 이거진짜 ! ! 
505,카카오 계정으로 로그인했는데 내 카카오 계정 아니라면서 초기화하고 다시 하라길래 폰번호로 했더니 신분증 사진은 계속 인증실패로 시간만 1시간 버리고 포기함 짜증나서 못쓰겠음
506,면허등록 진짜 죽어도 안됌 불끄고도 해보고 불키고도 해보고 커텐치고 걷고 다 해보고 수동으로도 전부 다 해봐도 안됌 아이폰은 잘되던데 안드로이드는 왜 이꼬라지인지
507,자산 현황을 한눈에 볼 수 있고 그로 인해 절약 할 수 있어 넘 좋네요 
508,토스 쓰지도 않고 쓸 생각도 없는데 짜증나게 왜 가입해야 보낸준 돈을 받을 수 있게 해놨나요 \? 안쓰는 사람은 계좌 입력해서 돈만 가져가게 다시 전처럼 고쳐주세요 은행 어플 쓰는게 더 간편하고 수수료도 없어서 앞으로도 쓸 일 없습니다 
509,"이제 뭐하자는지도 모르겠음 웹툰들 인기 있는것만 다 기무 , 현질하게 만들어놈 이제 현질 없이는 보기도 힘듬 "
510,17일 한편만 보면 뽑기권 준다면서 안 주네요 그러면서 뭘또 5일연속 보면 뽑기권을 준다는거죠 기분 팍 상하네요
511,"로그인을했는데 , 로그인이안되요 그래서 , 못보고있어요 "
512,저만 그런게 아니었군요 난 또 와이파이나 데이터에 문제 있는줄
513,방금 24시간 상담도받았는데 굳굳 조금 헷갈리긴 하지만 새 버전에서는 수수료도 없다그러고 입금할때 편하니까 좋은것같아요 저는 안써봤지만 친구한테 토스로 돈 받아서 꽤 편하다고 느꼈어요 상담원분이 친절하셔서 말하신대로 별 다섯개 꽝꽝하구 가엽 짱친절 의심병있어서 물어보는거 계속 답 안할라그랬는데 오해도 잘 풀어주셔섴 감사해요 번창해요
514,왜 업뎃이 왜 안되는거임 재다운 받는것도 이제는 안되네 
515,좋긴한것같은데 제 핸드폰이 제명의가 아니라 계좌등록을못하네요 방법없을까요 \? 
516,다 좋고 매우매우 좋은데 카찟남 \? \? \? \? 그 이벤트 했는데 뽑기권 않주는데요 
517,어떻게 이런 재밌는 만화를 생각하셨을까요 \? 진짜 재밌네요
518,잘쓰고있습니다 편리하고 짱 좋아요 그런데 아직 카카오뱅크계좌에 이체가 안되는것 같습니다 혹시 토스를 이용하여 카카오뱅크계좌에 송금하는 방법이 있을까요 \? 
519,자꾸 카드 연동하는데 오류코드cbl00020이뜨는데 해결방법좀요 급해요
520,저 근데 친구한테 전호로 토스 보냈는데 친구가 안왔다고하는데 확인가능한가요
521,ui가 심각할정도로 쓰레기임 이벤트 찾아보는것도 고역이고 공지사항 읽는것도 불편하기 짝이 없음 작품은 텍스트를 이미지로 변환 후 업로드하는 프로세스를 거치기 때문에 폰트사이즈 조절이나 백그라운드 컬러 변환도 원활하지 않음 어플 디자인을 어떤놈이 했는지 모르겠는데 아직도 피쳐폰 쓰는놈일듯
522,아니 인증 편하게 해준다면서 편하게는 개뿔 겁나 인증 어렵게 해놨구만 그리고 인증할때마다 알 수 없는 오류 뜨는건 또 뭡니까 \? 이런 겁나 간단한 앱 하나 오류 안 나가게 하는 것도 못하는거 보니 아주 무능한 나라답습니다 추신 매크로 답변방지를 위해 질문 하나 하겠습니다 대한민국의 국화는 뭡니까 \? 
523,"물론 앱 설치 및 실행 과정에서 약간의 번거로움이 있을 수 있더라도 , 이는 어디까지나 모바일 보안 관련 범죄를 예방하고 , 사용자의 원활한 휴대전화 이용을 위한 것이니만큼 그 절차를 감수하는 게 옳다고 저는 생각합니다 비밀번호와 지문 , 목소리까지 다른 사람들과는 구별되는 본인만의 특징을 가지고 , 내가 원하는 방법에 따라 빠르고 , 간편하고 , 또 안전하게 인증할 수 있다는 점이 제일 매력적입니다 앞으로도 쭉 애용하겠습니다 "
524,편함 간단하고 그래서 가끔 돈이 들어와있는지 멀라서 잊고있다가 받는경우도있어요 
525,편리해요 개인시용도 편하게 알수있어 관리하기에도 수월합니다 
526,해피머니로 충전하려는데 계속 회원패스워드불일치가 떠요 막상 해피머니홈페이지 들어가서 똑같이 아이디랑 비밀번호치면 잘 들어가지는데 여기서는 계속 패스워드가 다르다고 뜨는데 어떻게 된건가요 \? \? 
527,왜신한은행은없어요 \? 신한인사람들도많을텐데 왜그게없죠 
528,카카오페이지 설치 안 했는데요 계속 초대메시지가 카톡으로 와서 불편해요 초대 차단할 수 있게 해주세요
529,모든계좌를 통합관리해 주어 정말 편리 ! 신용등급조회까지 무료라니 대박이에요 
530,기다리면 무료라니 이제 무턱대고 유료만 있는건 아니네요 더 많이 기다리면 무료로 풀어주세요 ! ! 
531,타임라인에 토스계좌로 받은 돈을 내통장으로 옮기니 중복수입인정되던데 개선부탁드립니다
532,"월 소득 , 소비에 본인 계좌간의 송금은 집계가 안 되게 되어있는건가요 \? 토스 초기부터 사용했는데 사용자 의견 반영도 잘 되어가고 있고 잘 사용하고 있습니다 "
533,등록한 계좌 실시간 조회가 2주째 안됩니다 다시 다운로드해도 안되고 계속 이러면 사용할 이유를 모르겠네요
534,이름어떻게바꿈 공포실화빨리보고싶어서 씐나게 이름쳤는데오타났음 
535,잘보고있습니다 뭐 캐쉬를 자꾸 사게하지만 작가의 노고에 그정도는 쓰는게 당연하니까 
536,진짜 별하나도 아깝다 북스 초기부터 이용자로서 굉장히 많이 실망임 에초에 업데이트는 허구한 날 매일하면서 바뀌는 거라곤 그냥 아이콘 위치랑 가끔 뭐 하나라도 팔아볼려고 애쓰는 제도 도입밖에 없으니 발전이 없다 그래도 네이버 페이 나오고나서 결제도 쉬워지는가 했더니 그것도 그것대로 문제가 많고 걍 내가 웹소설만 갈아탔다 진짜
537,핸드폰이 제 명의가 아니라 예전에는 사용하지 못하였는데 다른 인증을 추가해주셔서 편하게 씁니다 
538,송금편하고 수수료가 0원이라는점에서 이용햇었는데 수수료가 붙으면 그냥 20초 더걸리더라도 공인인증서 사용하는게 낫겠어요
539,"대박 ! ! 한번 시험삼아 에프터추천앱이라해서 어플깔고 혹시나해서 설치해서 잔돈벌기로 63원 보내봤는데 바로입금되었다는 문자가오다니 , 놀랍소이다 아니 무서워요 어떻게알고 그것도 겁나빨라 몬 1초 \? 무섭다 "
540,완전 편해서 좋아요 다만 일일한도가 50만원인게 좀 그렇네요 토스로 50보내구 컴으로 나머지 보내는데 이게 뭐하는짓인지 하는생각이 들때두 있어요 50만원이하로 송금할적엔 쉽고 편리한 토스 초강추입니다 
541,나 왜 이런 꿀을 이제야 알았지 캐시만 있으면 공짜로 영화 볼 수 있어서 좋고 이벤도 많이 해요 아쉬운 점은 연령이 적으면 볼 수 있는 게 적다는 것
542,업데이트 되고 더 직관적이고 심플해져서 좋고 무료송금횟수 늘어나서 더 좋네요 
543,비밀번호 찾을때 온 숫자볼려고 토스로 확인하면 처음부터 다시시작임 겁나 불편
544,인증이왜안대는지요 \? \? \? 전화밭아서 번호 눌르고 인증완료버튼누르는데 대지도안고 인증도안되고 몇번해도 안되는돼여 \? \? \? 최악이네요
545,다 좋은데 카드에 체크카드 좀 추가해 주시면 안 되나요 \? 아직 학생이어서 체크카드밖에 없는데 
546,어제 업데이트 후 지원하지 않는 앱이라며 접속이 아예 안됨 
547,와 미친듯이느려짐 똑같은환경인데 업뎃했다고 엄청 느려졌네
548,복사해놓은거 잊고있었는데 토스에서 바로떠서 깜짝놀랐어요 정말좋아요
549,이런쪽에 지식이 없는 저같은사람도 손쉽게 돈거래를 할수있어서 너무 편합니다 그나마 한가지 문제점을 고르자면 제가 학생인데 자꾸 신용등급확인하라는 광고가 나와서 불편하네요 그것만 빼면 다 완벽합니다 ! 
550,장난해요 \? 무슨 계속다운받을라고하면 핸드폰끄고다시키래 그래서 켰더니 첫번째 다운로드는 되데요 근데 2번째 다른거 다운로드할라니까 다시 핸드폰 오류났다고 핸드폰끄고다시키래 노답이안 다시 정검좀하시죠 \? 
551,은행앱에서 이체하려면 인증서비번치고 otp찾아서 입력하고 개판인데 이건 되게 편함
552,회원 가입할 때 본인인증하기위해 여러가지 적고 중간에 잘못적으면 다시적어야하고 인증번호받고 심들었는데 이걸 이용하면 한방에 끝나니 넘좋네요
553,어머니께도 추천해서 쓰시라고 등록해드리려고하는데 대구은행 계좌번호 몇번이고 맞게 입력했는데도 다시 확인해달라고하네요 어떻게해야하는지 
554,"헌터헌터 , 원펀맨 구매하여 볼려고 하는데 왜 자꾸 실패했다고하져 \? 환불바람 쿠키"
555,이거자꾸 카카오톡이랑 연결해야 켜지는데 연결이 안되네요 자꾸 오류 4 \( \? \) 라고뜨고 어떻게 해야 볼수있는거죠 \? \? \? 
556,잘되다가 오늘 들어가보니까 로그인을 다시해야되더라구요 그래서 로그인을 하는데 실패했으니 다시해라고만 하네요
557,분명 잘 사용하고 있는 휴대폰인데 통신사 등록이 안되어있다며 가입이 안되네요 알뜰폰이라서 그런건가요 \? 
558,로그인이 풀리더니 다시 재 로그인이 안되네요 왜이러죠 \? 
559,캐시오류좀 전장의날개 10렙 되고 했는데 이벤트도 없어지고 해서 진짜 짜증남 캐시도 안오고 해서 한번 전장의날개 지워 봤는데 왜 안와서 진짜 업데이트 할거면 이런걸 고치삼 좀
560,짱좋아요 상대방 계좌 몰라도 연락처만 있으면 보낼 수 있음 ! 완전 간편 카카오페이 쓰려고 했는데 그냥 토스로도 만족합니당
561,캐쉬충전할때 자동충전이랑 섞여있어서 헷갈리고 한눈에 안들어와요 왜 바꿔도 이렇게 바꿔놓은건지 모르겠어요 언뜻보면 자동충전인거 모르고 결제해서 계속 돈나갈 것 같은데 노리고 한건지요 
562,한달에 무료송금을 10회 \? \? \? \? \? 그럼 토스머니를 이용하는 이유가 사라지잖아요 
563,다 좋은데 최근 바뀐거 중에 저금통 내역이 내 계좌 보기를 눌러야 보여서 불편해요 전에는 토스앱에 들어 가면 저금통 내역도 다른 통장 내역들 처럼 굳이 찾질 않아도 보였는데 지금은 따로 들어가야 해서 불편하네요
564,다 좋은데 500캐시뽑기권에서 100캐시밖에 안나와요 이거 확률 높게 수정 부탁드립니다 나머지는 다 좋습니다 
565,증권기능 많이 기대했는데 너무 심플하게 만들어서 트레이딩으론 적합하지 않네요
566,토스를많이 쓰는데 ! 정말편하고 친구하고도 더치페이너무쉽게가능하고 시간도줄일수잇어요 진짜혁명이에요 이앱만들어주셔서 감사합니다 
567,왜 접속이 안되는거죠 \? 아까까지만해도 접속이 잘되던게 잠깐 나갔다가 다시 접속하려니 접속이 안되네요
568,"왜 캐시 지급이 안되죠 \? 아이디어스 설치후 실행하면 300캐시 준다길래 없는 저장공간까지 확보하고 설치 , 실행했는데 캐시 지급이 안되었네요 어이가 없습니다 저번에 직방 설치 때도 캐시 못받았는데 뭡니까 \? "
569,제가 사용해본 웹 소설사이트중 가장보기 편하네요 댓글에 작성시 스포일러 유무체크 후 보이지 않는 기능좀 넣어 주세요 
570,"폰소유주와 실사용자가 틀리면 돈자체가 잠기는사태가 발생함 송금을 편히하기위한앱인데 , 편한점도 물론있겠지만 , 때에따라 변수가 발생할시 최악의 어플임 돈붙여주고 욕먹는 앱임 보낸돈 받은사람이 못찿음 뭐하자는건지 인증방법 신분증들고 스마일하고 인적사항메모들고 사진찍어주기 이거뭐 부모명의 폰을가진 학생들은 완전 비추임 "
571,kt 인증앱 은 사람들에게 좋은 앱 입니다 다루기 간편 하고 개인정보를 더욱 안전 하게 지킬 수 있는 세계 최고 라고 불릴 자격이 있으십니다 
572,앱설치해도 캐시않주네 역시 카카오페이지는 제발캐시좀 줘라
573,좋아요 ! 허니블러드랑 버림받은 황비 황딸 왕딸 보는데 진짜 재밌어요 ! ! 
574,간편 좋음 무료이체 5회 아쉽지만 그 정도까지 안할듯 이체한도 아쉬움
575,편리하고 좋네요 우리은행이 주거래은행인데 우리은행도 이용할수있게 부탁드려요 
576,제발 거지같은 뷰어 좀 어떻게 못 해줄 거면 책갈피 기능이라도 빨리 만들어줘요 그정도는 해줄 수 있잖아요
577,정말 좋습니다 ! 인증서 없이 지문만 등록해 놓으면 바로 사용할수 있는게 좋습니다
578,안에돈묶어놓고 들어가지지않아요 보안이낮다고 비밀번호나pin 설정하라해서 했는데도 똑같은말계속하고 나가야될돈많은데 이럴꺼면 다른어플썻지 
579,괜찮네요 편하고 근데 계좌복사하면 팝업이 뜰때있고 안뜰때있네요
580,"달빛조각사 재밌게 보고 있는데 카카오페이지가 시원하게 바뀌었네요 작은 표지만 봐서는 어떤 내용일지 생각해내기 좀 쉽지 않았는데 , 이미지를 많이 보여주니까 어떤 내용을 소개하는지 감각적으로 알 수 있는 것 같아요 "
581,시분초 정확히 입력했고 뒷자리 숫자도 정확히 입력햇는데 계좌인증오류라고 안되네요
582,토스앱만 들어가면 등록되어있는 은행 계정이 로그인 비밀번호 오류 횟수가 갑자기 3회 4회 5회 이렇개 올라가더니 오류횟구초과가 됩니다 처음엔 누가 계정 도용하려고 하나 불안했는데 이게 토스앱 들어올때마다 반복되네요 서비스는 잘 이용하는데 
583,렉 진짜 많이 걸리네요 처음에 조금만 더 기다려 주세요 이러더니 나중에는 조금만 더 14 기다려 주세요 \? ! 그리고 그다음에는 왜 화면이 안 나옴 \? 정말 화가나는 어플이네요 
584,다 좋은데 캐쉬 프렌즈 미션 후 캐쉬 미지급 현상 문의했는데 아직 해결이 고객센터 답변 혹은 해결 빠르게 7
585,기존 앱에서 과도기도 없이 돌아갈수도 없이 강제로 바로 새 서비스 적용하는건 무슨 배짱인가 여기서 더 보고 싶지 않으니 구매한 목록들 환불받고 싶네 
586,간편해서 사용할려는데 내가거래하는은행이없네 신한과제일 경조비전달에 아주 잘어울릴거같은데
587,"기다리면 무료 대여권 쓸 때 누르면 대여권을 사용하겠냐 뭐 이런 거 창 하나만 뜨게 해주세요 저 방금도 스크롤 내리다가 봐야하는 회차보다 한참 멀리 있는 거 눌러져서 대여권 하나 날리고 오는 길이거든요 저번에도 그랬었는데 제발 이거 하나만 좀 해주세요 , , "
588,항상 잘쓰던 앱이니 별 5점남기기는 하는데 업데이트 한후 은행 잔고 다 없어졌네요 해결부탁합니다
589,기무로 바뀐다는 거라도 말을 하고 바뀌던가 바뀌었으면 뭐가 좀 좋게 업뎃이라도 되던가 렉만 오지게 늘어나서 진짜
590,다른건 다 빠르게 잘되는데 이 어플만 계좌확인하고 돈 보내는데까지 5분은 걸리는 듯하네요 타행으로의 이체도 수수료가 무제한으로 들지않는 올원페이로 갈아탑니다 
591,뭔가 쓰면서 아 도용되지는 않을까 불안하기는 한데 아직까지 그런일 한번도 안생기고 진짜 편하게 잘쓰고있음 ! 특히 친구들이랑 같이 놀거 돈낼때 토스로 바로보내주면 짱편함 ! ! 
592,pass본인인증이나 큐알이나 모두 편리성에서는 최고입니다 잘쓰겠습니다 감사합니다 
593,여러가지 내 정보를 한번에 알 수 있어서 좋은 것 같아요
594,공인인증서의 속박에서 벗어나게해준 개발자에게 축복을 ! 
595,입금된돈을 토스잔고입금으로 받았는데 토스 계정에 충전이 되는건가요 \? 
596,이거 완전잼 있음 ! ! ! ! ! ! ! ! ! 다양한 만화도 만음 ! ! ! ! 내가 추천하는데 황제의 외동딸과 모래의 바다 꼭 보셈 ! ! ! ! ! ! ! ! ! ! 
597,학생이지만 그동안 항상 돈입금해야하면 은행가서 직접해야됐었는데 아는언니추천으로 하게되었는데 너무너무좋아요 모르는부분이있어서 카톡으로 연락드렸는데 바로바로 답변해주시고 넘넘 만족합니당 
598,빠르고 신속하고 편리한 대출과 결재기능 낯은대출이율 정말 좋은 은행
599,사용할려는데 업데이트 하라길래 할려니깐 계속 업데이트 오류 뜨네요 오류코드 \( 504 \) 라고 뜨는데 왜이런건가요 다른건 다 업데이트 잘되는데 토스만 이러네요 
600,제 명의의 폰이 아니여서  핸드폰이 내 명의가 아니에요  메뉴에 들어가서 정보룰 다 입력하고 인증전화를 받을려는데 저는 03년생인데 만 14세 미만은 전화를 받을 수 없다고 알림이 뜨더라구요 어케해야하죠 \? 
601,토스 좋아요 빠르고 간편하게 본인의 금융 내용을 파악할 수 있어서 좋아요
602,개똥같은어플 쓰레기통에 버리고싶을만큼 화남 내가 이것땜에 kt로 바꾼거 너무 후회함 뭔 어플이 인증됐다해놓고 광고만 띄우고 실행이 안되냐 회원가입 비번 몇번을 바꾸고 인증확인되어도 그후에 실행이 안되고 자꾸 인증실패란다 병진같은것때문에 물건살때마다 짜증남
603,아주 좋게 쓰고 있습니다 계좌 등록에 카카오도 포함해 주셨으면 좋겠습니당 ! 감사합니다 ! ! 
604,ui도 직관적이고 공인인증서가 없어도 계좌등록 이체 가능한 혁명적인어플
605,pass by kt 연말정산 빠르게pass 참 좋아요 ! ! 넘 좋아요 ! ! 딱 좋아요 ! ! 짱 좋아요 ! ! 늘 좋아요 ! ! 
606,웹툰 하나 볼때마다 이미지가 중간중간 안떠서 재시도 몇번씩 눌러야함 어플 수준 너무 한심 네이버 웹툰 보고 배워라 좀 이러니 네이버웹툰 매출 따라가질 못하지 
607,양아치들 잘 보고 있는 무료웹툰을 왜 유료로 바꾸고 대여권도없이 소장권만 살 수 있게 해놨네 공지도 없이 쌩양아치 카카오 극혐
608,계속되는 카톡 푸시에 카톡친구를 삭제 및 차단을 하는데 꾸준히 카톡이 오는 이 줄편함 올해들어 기분 최악으로 만들어 주는 앱입니다
609,농협까지 가기엔 시간이없엇는데 토스 어플이 생기고난후 넘좋아요
610,저 말고도 다른 분들도 그러는데 기기의 용량 관리 확인해보라고 메시지가 뜸 해결방법은 어플리케이션 카카오페이지 권한 저장공간 허용 하셔야 해결 됩니다 cs 가 답답하니 대답도 잘 못해주네요 다들 재부팅 해보고 다시도 깔아봤을텐데 저런 안내라니
611,캐시 받으려고 캐러비언의 해적 5레벨까지 올려놨는데 안주는거 뭐에요 저 말고도 여러명이 이렇다는데 해결해주시길 바래요
612,별 하나도 아깝다 난 앱 평가를 위해 가입하고 탈퇴해 본다 완전 쓰레기 앱이다 이 앱을 맛려면 사용자의 정보와 개인정보를 완전 공개해야 한다 쪽 팔린데 그거 다 공개하고 가입하고 더 많은 정보를 공개하고 탈퇴해야한다 개인정보 보호하려면 이런 쓰레기 앱에 근처도 얼씬거리지 마라 후회한다 후회한다 후회한다 추가 \) 사용자 편의를 생각해라 이미 한두가지 정보로 개인의 신상을 파악할 수 있는데 은행도 원하지 않는 쓸데없는 정보부터 고민감성 정보까지 몇번을 더 물어 가입시키고 사용자가 원히는 정보는 다른데서 쉽게 얻을 수 있는 정보 외엔 주는것도 별로 없다 게다가 탈퇴하는 건 더 심하다 휴대폰으로 인증받으면서 탈퇴하기 엄청 어렵고 까다롭게 해서 쉽게 탈퇴도 못하게 한다 이건 쓰레기 앱이다 
613,인증 앱 중에서는 가장 좋은 앱입니다 ! 앞으로도 쭉 이 앱만 쓸 것 같네용 편리하고 너무 좋습니다 ! 
614,고객센터 문의하시면 해결됩니다 보통은 1번에 안되고 2번 이상 문의하시고 안내원의 메뉴얼대로 해주셔야 할겁니다 어렵거나 오래걸리는건 하나도 없으니 이번 업뎃으로 문제있는분들은 토스 고객센터 바로 전화해보세요 
615,받는계좌 은행과 보내는 계좌 은행이 모두 지원되어야 보낼수 있나요 \? 아니면 보내는 계좌만 지원되는 은행이면 되는건가요 \? 
616,님들 캐시뽑기권이라고해도 이앱사용자가500만을넘어가는데 다3천캐시주면 남아도는게잇나요 양심들이잇으셔야지 유료만화도 기다리면무료로계속볼수잇고 이런앱잇으면나와보라하셈
617,재미있네요 그런데 제가 미드나잇 파트너 시청잔데요 쫌 더 빨리 내주시길 정말 재미있네요
618,오류투성이 하루에 열두번 넘게 빡침 또 왜 안 되는거냐 \? 심심하면 알수없는 오류로 인내심 테스트하냐 \? 
619,다운하라고 하지마세요 제발 ! 웹툰은 재밌는데 이걸로 보라하면 갑자기 짜증나여 제발 이거 다운하라 하지마세여
620,다 좋은데 하나은행 등 추가안된 은행들만 추가되면 좋을꺼같아요 
621,하 진짜 뭐하는거죠 \? 자꾸오류뜬는데 빨리 처리해주던지해요
622,핸드폰을 바꿔서 다시 가입 하려하는데 인증번호가 안오네요 
623,안드로이드 태블릿도 애이패드처럼 가로보기 \( 두쪽보기 \) 지원좀 해주세요 10 1 태블릿으로 볼라니 힘드네요 
624,혹시 첫화면에 지문잠금이나 비밀번호를 설정 할 수있는 것은 언제나오나요 \? 
625,나만 그런 것일지는 몰라도 계속 로딩 안돼고 로그인 다시해도 안돼고 삭제했다다시깔았는데도 그래요 아 나진짜 이럴거면 이딴 앱 만들지마요 처음엔 잘 썼는데 나중되니까 이러네 아 씨 나이앱 안쓸라요 이게 뭐예요 괜히 용량만 채웠네
626,안녕하세요 최근에 제가 예전에 소장했던 전지적 독자시점을 재독하려고 다시 다운로드를 했는데요 다운로드도 완료되서 읽으려했는데 일부 화들이 해당 데이터를 찾을 수 없습니다 라는 문구와 함께 읽을 수 없었습니다 어떻게 된 일인지 문제파악 부탁드립니다 
627,꺄악 ! 넘나좋아요 행복해요 진심 사랑해요 ! ! ! ! 
628,요즘 계속 앱자체가 실행이안되요 들어가면 계속 서버확인중 계정연결확인 그거만뜨면서 로딩만되고 실행이안되네요 지웠다깔아서해도안되고 결제한것도못보고있어요 
629,저가 돌림판에서 돌렸는데100캐시가 나와서 안쓰고모으고있었는데 또 며칠이지나고 기회가 있어서 돌려는데 100캐시가 나온거에요 안쓰고 모았는데 모르고 삭제 해버렸써요 근데 계정은 똑같은데 왜 200캐시가 점점 없어져죠 
630,정말 편리한 세상 토스짱입니다 송금이 이렇게 쉬워도 되는지 
631,토스 오류때문에 지금 돈을 못 보내고 있네요 업데이트는 최신 버전인데 업데이트 때문에 송금이 안된다고 하는데 빨리 고치시든가 공지를 올리시든가 좀 하세요 
632,"최고임 도구만 스마트폰인 뱅킹인가 , 진짜 스마트 뱅킹인가를 가르는 앱 "
633,카카오계정이 없으면 못들어가는거임 \? 카카오계정 잊어버린 사람은 슬퍼서 살겠나 
634,진짜 조아요 ! ! ! 근데 캐시가 넘 적어요 캐시가 조금 더 있으면 좋을텐데 
635,와 진짜 카카오톡최고 ! 네이버웹툰이랑 비교해도 손색없고 이모티콘에 영화표까지 혜택으로치면 카카오가 한수 위다 ! ! ! ! ! 
636,너무 편하고 안전하고 다 좋은데 하나은행이 없어요 하나은행 요청했는데 개설해주세요 일부러 2개등록할라고 친구도 초대했는데 
637,내 사라진 쿠키 내놔라 ! ! 이제 여기 이용하기 싫어질라하네 하 참 어쩌자고 이런식으로 바꿔놨을까 대체 누구편하라고 이렇게 불편하게 바꿨냐 대단하오 
638,"개설도 쉽고 , 모바일뱅킹 사용하는건 비슷할테고 , 암튼 잘쓸께요"
639,본인인증에 아이핀은 왜 없나요 \? 가뜩이나 휴대폰 명의가 부모님이라 불편한데 아예 만들 생각이 없는거 아니에요 \? 
640,이걸 앱이라고 재생오류로 문의했는데 2일이나 걸려서 보지도못하고 대여만료되고 아무런 조치하지않고 상황에 전혀 맞지않게 매크로처럼 답변만하고 다시 환불 문의해야되고 엉망이네
641,웹소설 인터페이스 개선 좀 해주세요 제발 글자 크기만 줄이지 말고 1 색반전말고 야간모드 만들 것 누리끼리한 블루라이트 필터 같은거 말고 색반전 처럼 배경이 검게 변하되 표지는 색반전 하지 말 것 무서움 2 글자 크기를 독자가 정할 수 있게 할 것 할아버지 폰으로 웹소설 읽는 것 같음 3 페이지 사이의 간격을 좁힐 것 간격이 너무 커서 읽 다보면 이렇게 됨 제일 빡침 이것만 해줘도 반은 갑니다 다른 플랫폼은 다 되는건데 카카페만 이래서 사람들이 퍽이나 편해하겠습니다 중소기업인 문피아에도 있는데 대기업인 카카오 인터페이스가 이래서 되겠습니까 
642,진심짱이네요 근데 보안에 문제 없는거죠 \? \? \? 
643,비트코인 연동할 생각을 했으면 그에 맞는 서버관리도 병행돼야함 멋모르고 남들다하니 뛰어들었다가 수습못하는 우스운꼴 만들지말고 비트코인에서 손을떼든 서버 트래픽 몰릴때 비트코인관련기능만 우회하도록 하든 대책이 필요할거같다 이러고 백날 쓰면 뭐하나 어차피 여기 답글다는 불쌍한 사원들은 위에서 시키는대로 똑같은말 복붙하면서 뺑이칠뿐이고 윗대가리들은 돈되면 무조건 하라할게뻔한데
644,아 카카페 요새 재미없다 전에 무료작품 유료 기무로 바꿀때 지울껄 그랬다
645,와아 ! 이거 덕분에 알라딘에서 수십분을 해맸어요 ! 회원가입은 5번을 했구요 ! 그놈의 6자리 비밀번호는 수십번을 입력했네요 ! 생체인증은 어따팔아 먹었나요 인증을 하라고 앱만 수십번 띄워대고 인증을 해도 사이트에서 못알아먹고 쓸데없는거 만드는 것도 능력이 있어야 하나봐요
646,너무좋아여 그래서 별5개 근데 500캐시뽑는거 맨날100캐쉬만 나오거든요 그것좀 많이나오게해주시고3000캐시 뽑기권도 좀 주세요 
647,가격이 웬만해야 사서 보죠 동네 책방가도 구권부터 신권까지 해봤자 한권에 200 500원 사이인데 페이지 몇조각에 몇백원씩 받아먹는건 고금리 사채업자랑 다를게 없어 보이네요 가격이 아무리봐도 합리적이지 않다고 생각합니다 이 가격이면 차라리 만화책을 사겠어요 권당 가격으로 바꿔주셨으면 합니다 
648,갈수록 유용한 기능이많아져서 잘이용하고있네요 한줄메모기능이있으면어떨까해서요 당월에 꼭지출해야하는게잇는데 자꾸잊어서 간단하게 표시해두고싶네요 반영되길바래요 
649,신세계란 이런거라고하고싶네요 너무 편리하니까 좀 불안하기도 합니다만 믿고 사용해보겠습니다 
650,요새 젊은이들이 쓰는거라서 써봤는데 너무 좋아요 마치 새마을운동하던때처럼 신세계네요 감사합니다 홀홀 
651,넘좋은데 5회초과하면 수수료드는게 너무 아쉽네요 그래도 타사보단 싸서 괜차나유 히히 번창하세요
652,7 18일 8 21일 계좌에는 토스로 송금된걸로 나와있는데 토스에는 내역이 없네요
653,웹툰볼려고 터치하면 다운로드가 않된데요 폰 다시 껐다가켜도 다운이 않되요 
654,잘 쓰고 있습니다만 무료웹툰에도 대여권과 소장권을 쌓을 수 있게 해주세요
655,카뱅인증서 일주일 남으면 갱신하라고 비번찾 나오는데 갱신물론 비번 입력안하면 앱못하게 막음
656,이승민 선생님의 친절에 감동했 습니다 토스를 처음사용해본 나같은70이 넘은 고령자는 너무 서툴러 급한김에 새벽3시에 5 6차에 걸쳐 고객센터에 문의 한바 근무중인 이승민 선생님 께서 성의를 다하여 친절하게 안내해 주셔서 급한 결제를 할 수 있어 너무나 감사합니다 요즘 볼 수없는 이승민선생님의 성실한 근무 자세에 감동했습 니다 언제나 건강하시기 바랍 니다 
657,설치하고 이용약관에동의하려는데 이용약관글하나도안 나오고 이틀전에그래서오늘다시깔앗는데도이래요 
658,방금 업데이트하고 어플실행이 전혀안되요 켜지다 꺼지구 아무것도 안눌리고 속터져요
659,만보기업데이트가 모든사용자들을위해 업데이트되었다고하는데 전혀모르겠고 토스본인들을위해업데이트한거같다라는느낌만듭니다 삭제합니다 수고하세요 
660,너무 잘 쓰고 있어요 ! 언제적 모델인지도 모를 갤럭시3 쓰면서도 리뷰에 널리고 널린 렉한번 걸린적이 없네요 스마트폰에 어울리는 스마트한 어플이에요 고마워요 ! 
661,제가 아이디를 찾는데 왜 이 앱을 깔아야되는지 모르겠네요
662,앱접속하는데 왜이리 오래 걸리나요 작품 하나를 보려고 해도 너무 오래걸리고 뭐져 \? 그리고 왜 웹툰들은 다 기무로 변 경 되어있는건가요 \? 
663,친절한게 계속되니까 사람들이 캐시를 그냥달라고하내 나참 그래도 꿀잼
664,"후발주자들이 많이 생긴 것 같지만 기타 서비스까지 보면 앞으로가 더욱 기대됨 \( 펀드소액투자 , 부동산투자 등등"
665,너무 잘쓰고 있어요 간편하게 사용하기 좋은것 같아요 좋은 앱 만들어주셔서 감사합니다 ! ! 
666,다좋은데 우리은행은 안돼요 \? 언제되나요 빨리 됏으면 좋겟어요
667,기능좋고 편리하고 5천원 대박이벤트임에도 불구하고 주위에 추천하면 다단계 취급받고 일단 사람들이 계좌에 관해서는 불안해해서 의심스럽다고 전부 거부하네요 지인추천하는 효과가 없어요 추천하면 이상한사람 취급함 공식적인 메스컴을 통해서 안전하다는걸 인증해야 파급효과가 클것같네요
668,선물 받는기능은 도대체 어떻게 거부 하는거죠 \? 친구가 이용권을 선물했어요 이거 도대체 어떻게 거부 하는걸까요 \? 정말 도저히 짜증이나서 이앱을 설치해서 설정도 들어가보고 다찾아봤는데 전혀 보이질 않는군요 그친구를 차단이라도 해야하는건가요 \? 
669,네 버 웹툰보다 퀄리티 더 좋고 소설 강추 합니다 ! ! 재미보장 진짜 지울 수가 없는 앱이예요 
670,문자 없이 간단히 qr로 사용 가능해서 너무 편리하고 6자리 비밀번호 입력으로 간단히 본인인증 완료 가능해서 너무 편리합니다 진작 이렇게 편리한 pass 사용할걸 그랬어요 그동안 괜히 문자로 일일이 번거롭게 인증했네요
671,제가 쓴지 조금 되었는 데요 캐시 모으기가 어려워요 제가 아직 어려서 그점만 보완해 주시면 좋겠습니다 ! 
672,폰이반쪽깨저서터치도안되는데친구3명보내면주는거도안눌리고 진심자동회전기능좀넣어주세요
673,와 진심 욕하고 싶네 무슨 10번보게하고 1번보는데에 500원 쓰라고 \? ! 카카오는 진심 꺼지면 좋겠다 결제 안되는 학생들은 어쩌라고
674,체고편함 이 세상 편함이 아닙니다 우주 편합니다 너무 편리하고 간단해서 남에게 쉽게 돈을 보내주게 됩니다 조심하세요
675,편하다는거 알고있었는데 왜 안썼지 \? 후회할정도로 편한앱
676,소액송금을 자주하는데 이만한 앱이 없어요 아주 요긴하게 잘 쓰고 있습니다 
677,진짜 레알 편해요 안쓰시는분들 다른앱보다 더 좋으니까 꼭 써보세요 ! ! 강추 ! ! 
678,왜 이용권을 사서봐요 걍꽁짜로 해주면 안돼나 그럴 바에는 이북 으로 보는게 더 났겠다
679,수수료도 없고 너무 간단하고 편해요 감사합니다 많이 알리고 싶어요
680,바로전업뎃후 새벽에만한번 노티바에 토스 아이콘이 떠있는데 왜그런건가요 괜히 찝찝하네요 아무런 문구없이 그냥 토스아이콘만 노티바에뜨네요
681,좋은 앱이네요 근데 신한카드 갱신할때마다 비번 다시 물어보는 문제 있습니다 노트9입니다 재부팅하니까 제대로 되네요 굿
682,카카오페이지를 설치하고 인터넷이 잘 안 되고 다른 앱을 사용했을 때 계속 꺼집니다 제 폰에서만 그런 게 아니라 다른 폰에서도 그러더라고요 왜 그런 거죠 \? 
683,은행에 가지않고 텔레뱅킹 이용하지 않으면서 쉽고 편리하게 이용할수 있어서 참좋습니다 잘사용하고 있어요 
684,전업데이트 하지도않았는데 자동으로 업데이트됐어요 너무불편해요 그지앱
685,지금처럼 안들어 가질때도 있고 광고보고 캐시받기도 11초에서 항상멈춤등의 불편한점 때문에 
686,편해요 5회수수료도 무료이고요 계좌몰라도 연락처로도 송금할수있고 일일 50만원이 적을수도 있지만 저에겐 적당해요 
687,화면이동할때마다 굳어지고 종료되고 이딴걸 앱이라 내놓고 이북팔이하다니 대단하네요
688,데이터를써야만들어가지네요 와이파이로는 안들어가져요갑자기그거고쳐주세요지금뭐점검중이런거뜬것도아니고 와이파이로다른건다되는데카카오페이지만안들어가져요빨리고쳐주세요
689,개인정보부터 계좌비번까지 싸그리 입력해야되내 전혀신뢰가 안간다 삭제
690,번호인증이나 그외의 것에는 방법이없을까요 공기계로 꼭 이용해야하는대
691,간편송금은 최고 엄지척으로 바로가능하고 큐알코드 알려줘 이체로 받을수 있고 편리함
692,사용하기 편하고 송금이나 입금 계좌관리가 간편해요 광고도 없구요
693,진짜 최악이네요 무슨 카드생겼다고해서 들어가 밭급받아서 써볼려고했더니는 되는것도없고 고객센터는 24시간이라고 음성 파일 뛰우질 말든가 2시간이 넘도록 전화해도 받기는커녕 진짜 카드는 최악이군요
694,문제를 문의하자마자 해결 해주시고 정말 친절하게 설명까지 해주십니다 정말 최고인것 같습니다
695,정말 편하고 좋은것 같아요 예전에는 지문인식이 없었는데 지문인식이 생기니까 더 믿을만 해졌어요 근데 토스소액대출 서비스가 없어진건 많이 아쉽네요 
696,한마디밖에 떠오르지 않는다 최고의 어플 최고의 서비스 하나 부탁드리자면 제일 힘든일이지만 초심의 서비스를 잊지 않아주셨으면 합니다
697,만 14세 말고 14세부터 가능하게 해주시면 안되나요 주변사람들이 이 앱 편리하고 좋다해서 깔았는데 만 14세이상부터 가능하다해서 못 쓰고있습니다 
698,주변에서 다쓰는데 저는솔직히불안해서 안썼다가 이번에폰바꾸면서 사용하는데 안쓴제가멍청했네용 너무좋아용
699,atm기계있는곳에 가지 않아도되고 저처럼기계치도 쓰기 좋은 것 같아요 
700,잘보고잇는데 튕기더니 왜 안들어가 지나요 다시깔아도 안되는건 마찬가지고 
701,토스 쓴지 꽤 됐는데 너무 편해요 간편결제 모르는사람들 넘 안타깝 회사가 많이 성장하는것같아서 보기 좋아요 앞으로도 대성하시길 \) 
702,왜 갑작이 기무로바뀌죠 \? 너무하네요 그것도 사람들이많이보고 인기있는 작품들만 다 기무로 바꾸시고 학생들은 돈도없는데 어케보라고 대여권도 주실것도아니시면서 왜 기무로바꾸세요 미리공지라도 해주시든가 진짜 너무하네요 광고도 다 어른들만 할수있는거고그냥 학생들은 보지말라는건가요 \? 
703,내가 사용한 플랫폼 종류가 그렇게 많진 않지만 그 얼마 없는 플랫폼 중에서도 최 악 작품 종류도 다양하고 일요무비데이도 있어서 좋았는데 개편 이후로 어느정도 잘나가는 작품만 쏙쏙 골라서 웹툰이었던 것마저 기다리면 무료로 바꾸고 그래놓고는 12시간 무료 특별관에서 인기 작품을 더 빠르게 만나보세요 ! 이러고 있음 어이없어서 진짴 별 하나도 주기 싫은데 안주면 리뷰 못해서 주는 수준임
704,업데이트 하라고 기존프로그램으로 사용할수 없다는데 업데이트 누르니 무한 설치중
705,초심을 점점 잃어버리시네요 토스를 쓰는 이유가 사라져 버렸어요 삭제하겠습니다
706,캐시지급안돼는문제좀 수정해주세요 페이코인이랑트립스토어 했는데 안돼네요
707,갑자기 대부분 웹툰이 기다리면 무료로 됐네요 \? \? \? \? \? \? \? \? \? \? \? \? 독자들은 뭘 보란거죠 \? \? \? \? 그것도 최신판 10편 15편은 못본다그러고 \? \? 돈 없으면 보지말라는건가요 \? \? \? \? 삭제하라는거죠 \? \? \? 예 삭제하도록 하겠습니다
708,카드조회 롯데카드 사용 금액 확인하기 눌러 문자인증으로 연결 문자인증으로 동의 지문인증 후 문자인증을 위한 정보를 확인 중입니다 문구 뜨고 무한로딩입니다 해결해주세요 10분 넘게 기다려도 계속 로딩만 됩니다 
709,브라우저로 볼수있는건 브라우저로 보게하면안되겠냐 \? \? 
710,정말정말 잘 보고 있어요 작품들 모두 다 재밌고 좋개 보고 있답니다 웹툰 소설 안 가리고 다 보고있고 사비스에도 충분히 만족중이에요 다만 한가지 기능을 추가해주실 수 있나요 \? 야간모드 \( 어두운 화면 모드 \) 를 추가해주신다면 정말정말 편할 것 같아요 저뿐만 아니라 다른 분들도 잘 사용하실 거라 생각됩니다 ! 카카오페이지 재밌어요 응원합니다 ! ! 
711,일단 그전까지는 안쓰던 간편인증앱인데 폰 바꾸며 사용해보니까 정말편리합니다 용량없으신분 아니면 꼭 사용하시길
712,제가 여명을 설치 로그인 했는데 400캐쉬가 안오네요 이런것들만 고쳐주신다면 별 5개요
713,폰이구린건지 베가아이언 지원이안되는건지 좀 짜증나네요 네이버도 그러더니 
714,내캐쉬 어쩔거임 \? 나 이때까지 받은 캐쉬는 2400갠데 쓴건600개임 근데 1800캐쉬 증발함 zzzzzzz
715,친구태그 안되는 이유가 태그 하나 하려고 페이스북 어플 깔게 만드려는 비겁한 수작이 아니라면 업뎃해주세요
716,아이콘 좀 바꿔주세요 검은색이라 로딩 덜 된 것 처럼 보여요 
717,건쉽배틀 본부14레벨을 달성하면 2500캐시를 주는 미션이 있는데 14레벨을 달성해도 2500캐시를 받지 못했습니다 제 시간은 어디간건가요 \? 
718,토스 처음 깔았다가 실수로 계좌차단당했는데 고객센터에서 상담을 너무 친절하게 해주시고 넘나좋은것 그리고 주토피아 닉은 사랑입니다 
719,업그레이드를 좀 하슈 너무 불편 해유 매일매일 앱들이 진화하는데 카카오만 정체 되었는데 좀 심하네 도태 되어야 하나 \? 
720,복잡한 인증 절차 pass 라지만 문자인증보다 불편하네요
721,아니 패치를 몇번을 했는데 다음편 넘길때 제대로 안넘어가는 경우가 자주 있네요 이거 수정 안되요 \? 카카오에서는 한번도 그런적이 없는데 당췌 왜 \? 담편 가는게 안되는지 99프로도 받고 98프로도 받고 왜 거기서 멈추고 안넘어 가냐구요 같은 동작을 짧게는 몇번 길게는 열몇번을 해야 다음편 볼수 있네요 이거 수정좀 합시다 
722,식객 재미있게봤는데 페이지에서 다시 보게되어 기쁘네요 2명초대시 무료네요 흥해라 식객 
723,"추가인증안하고 50000원 , 43000원 입금했는데 월 출금한도초과라고뜨네요 추가인증없이는 한도가 얼마에요 \? "
724,김율 님 님이핸드폰사면되잖아요 중2인데 핸드폰이없어요 \? 제작자도힘들고요 님은안힘들겠죠 \? 그럼다른웹툰보시던가요 
725,정말 편리하네요 타사 다른 송금 서비스보다 토스가 압권이네요
726,마지막까지 다 봐도 마지막까지 보지 않음 으로 표시가 된다
727,"최상의 앱입니다 모든 건 카카오톡으로 귀결되지만 , 돈에 관해선 토스로 귀결되지요 정말 편해요 ! ! ! "
728,정말 잘 쓰고잇고 제가 가장 많이 쓰는 앱중에 하나이지만 디자인은 예전것이 조금더 나은것같네요 이벤트 캐시 등도 친구한테 선물할수 있었으면 좋겟어요 
729,이거 대박이네요 진짜 계좌번호 몰라도 핸드폰번호만 알면 되니까 정말 편하네요 ! 감사합니다 ! 
730,작가들도 돈받고 그림그리는건데 캐시주는게 당연하다는듯 더달라고 징징거리네 장애있나
731,친구 초대해서 복수계좌 사용가능이라고 뜨는데 왜계좌등록이안되죠 \? \? \? 
732,진짜 다 괜찮았는데 영화10분무료 \? 뭐 그것때문에 실망입니다 진짜 별1개주기도 싫고요 마이너스를 드리고 싶군요 저는 당당하게 돈내서 영화를 봤습니다 하지만 겨우 캐쉬로 볼수 있다뇨 \? 그러면 돈을 낸 사람은 뭐가돼나요 \? 정말로 실망스럽습니다 
733,텔레뱅킹 스마트폰뱅킹 모두 어색했는 데 토스로 보내니 쉽고 간편해서 넘 조아요 
734,다시 전으로 돌려주세요 이게 뭐에요 완전 별로 입니다 계좌 잔액만 나와야지 신용정보에 기타사항까지 다나오고 맨처음부터 송금 나오고 뭔가 기분이 나빠요 다시 업데이트 전으로 돌려주세요
735,카카오포인트가 캐시로전환되듯 캐시도 포인트로 전환할수있게해주세요 한번실수로 전환되면 빼도박도못하고 이게 뭡니까 같은 카카오끼리 유연하게 제발요
736,클립보드 복사하고 나면 계좌번호 자동입력되고 공인인증서 otp 없이도 사용할 수 있어 너무 편리해요
737,정말 말도 안되게 좋구 다 고퀄임 애청작이 하나둘씩 늘고있어여
738,잘 쓰고있긴 한데 건쉽배틀 본부 14레벨 미션 보상인 2500캐시가 안들어와요 앱에 써져있는데로 앱을 재시작해봤는데도 안들어오네요 미션은 했는데 보상이 안들어오니까 썩 기분이 좋진 않네요 신속한 조치 부탁드리겠습니다
739,"카카오뱅크는 나의 목숨을 한번 붙들게해주엇다 , 그리고 몇년간 잘사용하엿고 입출금알람도 씹힘이업다 아직도 눈물이흐른다"
740,내이름 넣고 주번 넣는데 일치 하지 않는다고 하네 이것들 미쳤네 하긴 kt가 어지간하겠냐 완전 저능아 수준이구만 이거 누구 대가리에서 나왔냐 꼴에 박사 머리에서 나왔겠지 
741,당장 토스계좌에 있는돈 써야하는데 와이파이로 해도 데이터로 해도 접속이 안돼요 빨리 어떻게좀 해주세요 
742,카카오 계정으로 로그인이 안된다고 뜨는데 왜 그런거죠 \? 이거 고쳐주세요 
743,유료캐시도 결제 한부분이고 지금은 코드 400라고 하면서 로그인 안됨 카카오는 잘만됨 제거 설치 다시해봤음
744,업뎃이후에 송금하려고 들어가서 금액누려면 팅기고 계속 왜 그래요 \? 쓰지를 못하겠네
745,카카오톡에 있는 계정 자동으로 연계시키지는건 좋은데 따로 다른계정으로 들어갈 수 있게는 해야되지 않나요 \? 왜 대체 막아놓은 거예요 \? 다른 계정으로 로그인 할 수 있게 조치해주세요
746,선착순 세뱃돈이래서 들어가봤더니 원래 있던 캐시프렌즈로 이동되네요 이런 어그로는 너무 올드한게 아닌가 싶네요 만약 연결 페이지 설정이 잘못 되었다면 그거대로 문제고 실제로 의도한거라면 좀 실망스럽네요 
747,i ca nt sign up for this app it s complicated for foreigners 
748,갑자기 주식탭에서 현재금액이랑 스왑하는 기능이 사라졌네요 어떻게 다시 변경하나요 \? 
749,없어서는 안될어플중하나입니다 매우편리하고 잘쓰고있습니다 
750,정말 잘 사용하던 유저인데요 왜 선물하기 기능 없에버리신거죠 \? 이번에 도입한 기다무 플러스는 솔직히 자기 취향인게 없다면 정말 별 쓸모 없거든요 또 출석 캐시도 낮아지고 진짜 뭐 메이플 처럼 저희를 돈으로 보고 계신거죠 \? 아니 기다무 플러스도 솔직히 제 입장에선 그냥 신작 홍보용 같고 이번에 없에버리신 선물하기 기능은 진짜 다들 잘 쓰고 있던 건데 왜 없에버리신지 이해가 안가요 뭐 돈이 더 필요한 건가요 \? \? \? \? 제 입장을 전달하고 카카페 이용자들이 원하는 걸 정리하자면 1 선물하기 기능 넣기 2 출석 캐시 원상복기 3 기다무 플러스는 솔직히 취향에 따라 천차만별 \( 제발 저희를 돈으로 보지 말아주세요 너무 잘쓰고 있는데 이런 면 때문에 정말 화가납니다 \) 
751,다 좋은데 대여권 사용하기 전에 안내 좀 해주세요 실수로 눌러도 사용됨 
752,인증을 위한 앱인데 인증이 안되서 지금 몇번째 비밀번호를 누르고 있는지 예전에도 같은 증상으로 짜증나서 지웠는데 다시 받았더니 또 같은 상태 이런걸 왜 만든건지 그냥 문자로 인증번호 받아서 인증하지 케이티 인증 방법이 이 앱밖에 없어서 가입하다가 그냥 포기 앞으로도 계속 이러면 난 앞으로 어떤 것도 가입을 못하나 통신사를 바꿔야되나 휴 이 새벽에 뭔짓인지 
753,비상금대출 받았는데 이자납입 보는곳이 안보이냐 마이너스통장관리는 도대체 어따 쳐박아두고 사람 찾게만드냐 목록에 있긴있는거냐
754,잘 사용하고 있었는데 업데이트 이후로 ui가 너무 사용하기 어렵게 바뀌었네요 안타까워요
755,모르고 핸드폰 번호이동을 한 다음에 앱을 지웠네요 이동된 번호로 인증이 안되고 전에 쓰던 번호로 인증을 앱이 자동으로 할려고 해서 인증을 못하고 있습니다 해결 방법을 알려주시면 감사하겠습니다 
756,은행에 상관없이 핸드폰에서 바로바로 이체가능하고 내역을 볼 수 있어서 편리합니다
757,문의를 해도 자꾸 고쳐지질 않네요 영상볼려고 일주일동안 해봤는데 하나도 안되고 사진첨부 같은 소리만 하고
758,아니 일람이 늦게 뜨는데다 알람 확인을 했는데 계속 떠있고 좀 이상하네요
759,잘사용하다가 갑자기 어느날부터 인증이 안됨 pass깔려있는데 pass앱이 없다고 오류 뜨네요 해결좀 어케해보세요 3초만에 다 된다면서요 3초는 무슨
760,진짜 맨처음이는 멋하러쓰나하다가 쓰고나서는 이래서쓰는구나했어요 
761,송금도 간편하고 내 계좌 목록보면서 관리하니까 정말 좋아요 
762,8월6일 1000캐시 당첨권에서 100캐시를 뽑았는데 없네요 이거 어디간거죠 \? 받았다는내용도 없고 사용했다는 내용도 없네요 그리고 충전도 비밀번호 사용초과 \? 이것만 계속뜨면서 카드 등록도 안되고 진짜 말이 안나오네요
763,빠르고 간단하게 본인인증 하려고 앱 쓰는데 허구한날 업데이트에다가 빠르지도 않음 답답 
764,일일히 은행을 가지 않아도 되고 인증서도 등록할 필요없이 간단한 등록 후 쓸 수 있어서 정말 편리해요 토스는 사랑입니다 
765,얼마나 엉망으로 만들었으면 운전면허증 민식을 못하냐 \? 
766,너무너무 재미있게 보고있는데요 그전에 카카오페이지를 지웠다가 깔았거든욥 \? 근데 그전에 캐시를 사서 웹소설을 봤는데 지금 보니까 소장되어 있던 100편은 넘었는데 다시한번 그소설에 들어가보니까 없어져 있는데 이게 정상인건가요 \? 
767,이미 구입한책을 오프라인으로는 볼수 없게 만들어 놨네요 오프라인에서도 구입한책을 읽을수 있게해주세요 
768,다운로드를 하면 계속 튕겨요 이게 뭐에요 아직 캐시 많이 남았은데 어떻게 하실거에요
769,이렇게 효율성과 실용성 모두 갖춘 건 토스 뿐일 겁니다 앱 만들어주셔서 너무 감사합니다 한도도 200까지 늘려주셔서 절이라도 해드리고 싶습니다 사랑해요 토스 복많이 받으십쇼 ! ! ! 
770,토스는 출금이 안돼나요 \? 제가모르고 30만원을 토스에넣었는데 뺄수가없어서요
771,카톡도 용량 뻥튀기인데 이것까지 깔라는건 무슨 경우 \? 카톡에서도 충분히 볼 수 있잖아요 카톡에 결제기능도 만들어두시던가 편하게 좀 봅시다
772,"잘 쓰던 네이버북스토어를 버리고 다른 앱으로 갈아타도록 이벤트로 유혹을 했으면 이전보다 더 나아져야하는게 정상 아닌가 싶다 그런 당연한 상식을 무시하고 다운그레이드 앱을 만들어서 길가던 사용자들에게 뒤통수를 당할지도 모를 제작자들에게 올해의 다윈상을 미리 수상한다 앱을 만든지 며칠만에 상을 수상하다니 , 아주 대박이라서 축하평으로 앱을 사용한 감상을 몇가지만 늘어놓아보겠다 이미 구매한 쿠키는 어떻게 사용하는지도 모르겠고 , 일괄구매 기능은 눌러도 먹통이라 편마다 일일이 눌러서 구매해야하고 , 페이지는 한 번 누르면 마지막 페이지까지 워프를 타고 , 내서고의 타일 뷰 기능도 사라지고 , 홈 화면을 살피는게 불편하다 앱 아이콘 디자인도 맘에 안들기는 하지만 , 이건 기능 문제가 아니니가 차치하자 세상은 넓고 사람은 많기에 이 앱이 손에 잘 맞다고 하는 사람도 있겠지만 일단 난 아니기에 , 이럴거면 앱을 업데이트 형식으로 낼 것이 아니라 네이버 북스토어와 아예 별개 앱으로 취급해서 따로 내주면 좋겠다 계속 북스토어를 쓰는게 내 건강과 정신과 가정과 회사와 나라에 이롭다 "
773,굉장히 편리합니다 솔직히 이만한 앱은 대체가능한게없더라고요
774,이제서야 처음 사용해봅니다 얼마나 간편하길래 이러나 했는데 정말 그렇네요 전화번호 송금이 아닌 계좌이체시 수수료 면제도 10회나 제공해줘서 마음이 든든합니다 앞으로 잘 사용할께요 발전하세요 ! \( 아래 평가항목 중 국제송금 여부는 아직 국내만 해봐서 확실하지 않음으로 선택합니다 \) 
775,전체문서를 클릭하면 자꾸 로드하는중 이라고만뜨고 더이상 문서를볼수가없는데 왜이런거죠 \? \? 
776,어제 까지만 해도 잘 들어갔는뎈 로그인 지 마음데로 하곸 로그인 하려고 하면 다시 꺼지곸 이거 이상한뎈 고쳐줘요 관리자님 
777,톡에 통장번호만 눌러도 계좌가 바로뜨니 간편하게 송금되어 좋아요
778,이거 탈퇴 왜 안되나요 \? 지문일치했는데도 계속 이전화면으로 돌아가는데요 
779,기껏 용량공간 비우고 깔면 캐시준대서 했드만 안주네 \? 어후 돈벌려고 별짓을 다해버리네 
780,유용한 어플이라고 추천받아서 쓰려고 했었는데 재미도 감동도 없는 여혐광고 덕분에 생각이 싹 사라졌네요 여성들은 고객 아니라고 생각하시나 봐요 \? 그러니 고객도 아닌 여성이용자는 앱 이용 안할게요 
781,회원가입해서 문자로 본인인증하려고만 하면 문자가 오질않네요 이것때문에 회원가입조차 하지못하네요 실망이네요
782,아니네가5천원을질르고나서제가400원을쓰고4600원이있엇는데제가내일쓸려고납뒀는데다음날보니없어요이거좀아니지않나요 \? 돈빼먹는것도아니고최악주는것도아까워요 이것 직히복구해줘야돼는거아닌가요 \? 
783,다조은데요 ! ! 지금오류난거같은데 타임라인에 걀제내역 같은거 2번씩 떠요 2번결제된줄알고 헐레벌떡 국민은행 앱 접속하니까 한번이데요 오류수정좀요
784,다른 그 어느것보단 좋았던건 고객센터에 빠른 대응 이었습니다 개인적으로 감동이 이렇게 빠르게 대응해주는 어플 처음입니다 
785,카카오카드등록과 카카오뱅크내역은 왜 분석에 집계가 안되나요 \? 카카오카드 연동 서비스 제공예정이긴한가요 \? 
786,사용하는 사람의 트랜드를 파악 하지 못하고 갈수록 bl물만 메인으로 홍보하고 광고하는 쓰레기같은 앱 몇 가지 단독 소설 아니면 진작에 삭제했을 앱인데
787,뮤오리진2 사전예약했고 구글플레이에서 사전예약 안하고 정식사전예약 신청 했습니다 300캐시 주세요 앱 껐다켜고 다시 들어갔다 나오기를 수차례 반복해도 캐시 지급 안되네요 010 9413으로 사전예약 신청했습니다
788,핸드폰을 바꾸고나서 처음핸드폰인증할때 문자가 안와요 스팸문자로 차단된것도아닌데 
789,이번 업데이트 너무 불편합니다 전에는 잘못 눌러도 사기전에 한번 더 확인 해야지만 소설이나 웹툰이 구매가 되는데 이제는 잘못 누르면 바로 결재가 되어버려서 보고싶었던게 따로 있었음에도 불구하고 잘못 눌러서 4쿠키가 날라가 버렸습니다 차리리 대여권이나 소장권을 샀을때가 더 나았던거 같아요 차라리 쿠키로 구매도 전처럼 한번 확인하고 결재할 수 있게 해주세요 이대로라면 정말 불편해서 미칠거 같네요 
790,3시간 기다리고 술집못들어갈뻠했는데 직전에 이거덕에 들어감 감사합니다 진짜
791,너무 쉽고 좋아요 모든기관에서 인증이 될까 \? 의문이 앞서네요 
792,한번 사용을 한다고 해 보니까 입금 얼마가 되었으니 확인을 하라는데 확인을 하니까 금액은 찍혀 있는데 통장 계좌를 알려 달라고 해서 계좌를 찍어 보내었는데 통장으로 입금 처리를 해도 입금 표시가 처리가 되지가 않되는 것은 무엇때문 인가요 \? 
793, 최악 로딩속도도 느려지고 연재 웹툰들도 다 기무로 바뀜 이정도면 그냥 돈독 오른거로 밖에 안보여요 이렇게 해서 돈 더 번다고 해도 나중에 사람들 다 떠나가면 무슨 소용 \? 이렇게 되면 걍 기무 푸는게 나을듯요
794,사용자들 편의는 신경도 안쓰고 그냥 문자 인증하게 하면 되지 앱설치를 하게 하고 또 회원가입을 해야되고 회원 늘려서 실적 많아 보이게 하고 싶으신가봐요 \? 이거때문에 서비스 해지하고 앱삭제합니다
795,아니 업데이트하고나서 봤더니 만보기 기능을 왜이리 엉망으로 만들어졌나요 요즘 행운퀴즈도 자주 안올라오는 와중에 만보기까지 이렇게 되니 속상하네요 진짜 이렇게 하실거면 출금이라도 자유롭게 해주세요
796,이게 뭡니까 \? 밤새도록 지문인증단계에서 먹통이고 이전단계 비밀번호만 반복입력하게 하니 개인정보 \( 이미지 통화접근 등등 \) 만 허용했네요 불안해요 
797,업데이트하고나서왜안됨 \? \? 구매한거어쩔거임 \? \? 
798,아주 간혹 다운목록이 지워지는거 왜엔 아주 유익하게 즐기고있어요 
799,현대백화점 가입완료도 하고 파이널 판타지 성채레벨 10까지 완료했는데 캐쉬 지급이 안되네요 그냥 가입하는 이벤트는 그렇다치지만 힘들게 레벨 10까지 만드느라 그 오랜 시간 공친건 어쩌나요 시간도 아깝고 기분만 나쁩니다 캐쉬 제대로 지급해주세요 솔직히 가입 이벤트도 개인 정보 넘어가는건데 이래도 되나요 \? 새로고침해봐라 그런 피드백 말고 확실하게 처리해주세요
800,아주편리하게 쓰고있어요 좀더 금액이 높음 더 좋을것같아요 
801,너무 재밋어요 ! 근데 저장공간이 부족해서 지웠다 깔았는데 기다리면 무료 만화를 처음부터 보거나 그래야 되네요 그냥 지워도 계속 이어볼수 있게 해주시면 감사하겠습니다 ! 
802,9셋업이후에 사용이 정말 간단하다 은행원에게 신분증만 넘겨주고 이래이래 해주세요 하고 간단하게 기다리기만 하면 도는것보다 쉽다 게다가 수수료를 안내서 좋다 갓탬 ! ! 
803,동영상 화면 비율조절이 안되네요 예전에는 꽉찬 화면이었는데 
804,친구를 삭제 할수도 없고 따로 알림 못오게 설정도 못하게 왜 해놨어 ! ! 설치해보니 볼것도 없어서 지운 앱 알람받음 좋아 \? 뭘 자꾸 앱설치해라고 하냐고 ! ! 짜증나 죽겠네 ! ! 한번 더 같은 알람오게 하면 내 시간투자해서 전화한다 ! ! 그땐 죽는거다 ! ! 경고했다 ! ! 
805,무료 아니라고 징징대는 놈들은 다 거지냐 \? 1만원 쓰기도 싫어서 어떻게 사는지 모르겠네 
806,언데드킹때문에 3점 달빛조각사 \( 소설 \) 때문에 5점주고싶지만 5개밖에 안되네 그외 등등 재밌는거 많아서 20개는 주고싶다 
807,항상 보안카드로 이체하다가 없이 비번만 치면 입금되니 넘 편해요
808,앱 너무 좋아요 원래 다른 송금앱을 쓰다가 친구의 추천으로 넘어오게 되었는데 친구들 중에서도 토스앱 쓰는사람이 많아서그런가 송금도 편하고 문상으로도 바꿀 수 있고 너무너무 좋은것 같아요 ! 
809,카카오페이지 자체는 좋은데 케시로 대여권을 사는게 최소200케시로 사게 되있는데 저같이 어린애들은 케시 모으는 방법이 별로 없어서 무료케시 모으는 곳이 있어도 쉬운걸 다 하면 할 수 있는게 별로 없어서 조금은 아쉬움이 남는 그런 앱입니다 그래도 대체적으로 좋은 앱입니다 제가 원래 이렇게 길게 리뷰 안합니다 진짜 강추하는 앱이에요
810,토스카톡 문의 너무 좋은 것 같습니다 친절하시고 귀여워요 앱도 좋고 간단해요 ! 
811,사용이 편하고 앱도 안정적입니다 믿고써도 괜찮은 앱입니다
812,이거 댓 작성에 아예 욕 작성 못하게 해주세요 여기 무개념들이 너무많네요 뭐만 쓰면 욕을 써대네요 무개념 초딩들인것 같은데 되게 짜증나네요 
813,아니 그 캐시주는거 성채10렙히면 3500원주는건데 왜 안들어오죠 \? 
814,전 여기서 이미테이션 같은 순정 웹툰 \( 만화 \) 재미있게 보고있어요 ! ! 웹툰 좋아하는분들께 이앱추천하고싶네요
815,사용하기 간단하고 매우 편리합니다 문의도 되게 친절하게 답해주셔서 문제도 간편하게 해결됬네요 ! 토스 
816,계좌조회나 송금시 너무 편리해요 보안만 확실하면 계속 이용할꺼같아요 최고예요 계좌도 한 눈에 파악되니 좋아요
817,계좌알아보기를 시행하던 중 점검시간이라서 안돼는줄 알았는데 내계좌로 송금받기는 가능하지만 계좌잔액은 확인되지않는게 웃기네요 연결상태를 확잌하라던데 와이파이 연결중이였구요 심지어 다른것든을 다 가능하더라구요
818,와 거지같음 할인쿠폰 누르려니까 팝업 막힘 일 안해요 \? 걍 문자로 보내요 짜증나네
819,너무 잘 쓰고 있어요 근데 이번압데이트 부터 카카오뱅크 지원된다고 들었는데 새로등록하고 조회하니 안돼네요 혹시 다시 설치해야할까요 \? 
820,기존에 돈내고 결제한건 어디갔나요 영구소장이라고 해서 결제했는데 제 돈은 다 어디갔나요 \? 넘나 불편하네요 환불해주시던지 기존에책들을 다시 보여주시던지 하시죠
821,업댓전까지는 정말 재미있었어요 근데 왜 무료로보기에서 하루에 하나씩 대여권을 주는데 왜 쿠키를 주고 사라고 나왔죠 \? \? \? 
822,복붙 답변 다 됐고 기무제나 바꾸세요 이렇게 유저를 돈이라 생각한다면 저희들을 기만한다는걸로 생각하겠습니다 추신 유저 다 나가기 전에 고쳐요 
823,어플 들어가는데 한세월 걸리고 갑자기 공지에서 12시간 기무로 바뀐다고하고 돌아오길 기다리던 작품은 유료화 되서 돌아오고 학생인 전 캐시 구매도 못하고 비호감입니다 업뎃 전이좋았습니다
824,기다리면 무료 도시정벌 2 추천드립니다 다시보는 만화 요즘 20어렸을때 봤던 만화보는 재미로 시간가는줄 모르네요 추천 만화 도시정벌 시리즈로 다시보고있네요 기다리면 무료라 기다리는 맛도 있네요
825,처음 써보는데 편하네요 송금 할일 있을 때 유용하게 쓸거 같아요
826,설치하라는거 두개나 했는데 왜 쿠키가 안 오나요 6개 받아야 하는데
827,kt인앱에비밀번호 6자리눌으라한데 기억이안나면 어떻해야하나요 \? 비밀번호 찾기난도없고 
828,어제까지아이패드로잘보고잇엇는데 오늘들어어가니 기기등록5대너엇다고안됨 
829,정신못차렸군요 니가 전화해도 받아줄까 말까인데 나보고 오류를 전화로 신고하라니 토스 개판인 이유를 알겠네요 토스 삭제합니다 계속 그렇게 일하세요 그렇게 일해도 잘되는지 지켜보겠습니다
830,앱 설치를 했는데 쿠키가 안 들어오네요 처음 설치하는 앱이구 깔다가 폰이 꺼져서 그런지 실행해도 쿠키가 안 들어와 지웠다 다시 깔았는데도 들어오지가 않네용
831,어째서 갑자기 로그인이 실패하는 겁니까 무슨 업데이트 합니까 \? 어제 밤에 제가 결제를 했는데 이렇게 로그인 되지 않는 다면 제 돈 어쩔 껍니까 \? 그동안 잘 사용하고 있었고 불만도 없었는데 이렇게 뒤통수 후려갈기시는 겁니까 \? 제 폰만 이상합니까 \? 카카오톡은 잘만 가동되는데 방금 전까지 잘만 되던 카카오페에지가 왜 로그인에 문제가 발생하는 겁니까 \? 해결해주세요 
832,아니 100 하면 뭐하라고 100만 계속 나오고 잘 안 주면서 200부터 그냥 하고 100을 없으면 얼마나 좋아
833,"이건 아니죠 아무리 돈 버는 곳이긴 하지만 일주일에 한개씩 기다리면 새 화가 올라오니 그걸 기대하며 하루하루를 보내는 사람이 많은데 죄다 기다리면 무료로 돌려버리시면 어떡합니다 기무는 최신 몇편은 못보는 시스템 달아놓고 하루를 못기다리겠어 12시간에 하나씩 무료 이벤트 ! ! 는 무슨 말도안되는 건가요 , 한마디로 최신화보고싶으면 현질해라 이소리 아닌가요 \? 심지어 무료로 받을 수 있는 캐시들은 뭔 카드해라 뭐 사라 이런건데 학생들은 어떡하라는건가요 연령대 생각않해보시나요 \? 어른분들만 카카오페이지 보나요 \? , 학생들이 다 빠지면 최소 절반이상은 다빠질텐데 망하고싶으신건가요 \? 업데이트한다길래 시스템 정말 좋아지는건가 했는데 이건 무슨 날벼락이냐고요 이런식으로 기무로 다 돌려서 망한 웹툰앱이 얼마나 많은데 카카오페이지마저 이러는건가요 정령왕 엘퀴네스도 , 뮈엘라의 수사관도 , 왕의 딸로 태어났습니다 도 , 다들 인기많고 , 무료본 쪽에 있어도 캐시많이 들어오는 작품일텐데 조금이라도 잠시나마 돈 더 벌어보겠다고 카카오페이지의 있는 웹툰들 망치지 마세요 의견반영부탁드립니다 \) "
834,이거 핸드폰이제명의가아닌데 혹시 다른걸루 본인확인할수는없나요 \? 토스에돈이있는데 받을수가없네요 
835,카카오페이지에 아예 안들어 가짐 지웠다 다시 깔아도 앱에 안 들어가지고 웹소설 보려고 이어보기 하니까 팅기고 지금 몇일째 안들어 가지는지 모르겠음 이럴려고 업데이트 했나 싶고 아무튼 처음 깔았을 땐 재밌고 좋았는데 점점 노답으로 가는 듯 그 점검 끝난 후 부터 안 되기 시작한 것 같음 아니 진짜 이거 왜그러는 거에요 \? \? \( 진심 궁금 \) 와이파이 집이라 빵빵 터지고 카톡 라인 페북 다되는데 왜 이러지 \? \? 
836,기분 조 게 지내고요세상사는게벌건 아 아니지요 우리오빠건강하게진 내는게조 우일 읺여 요
837,똑같이 이름입력하고 핸펀번호 입력하고그림문자 입력하고 도대체 머가 편해진거임
838,문의드립니다 토스카드 다시 만들 수 있게 해주실 수 있나요 \? 이제 민증발급 받았는데 토스카드 만들고 싶어요 
839,연락처 송금 유료화된 부분에서 구체적으로 피드백 남겨주셔야 되는 것 아닙니까 \? 더 나은 서비스 제공위해 변경된 정책이라 답변다셨던데 유료화로 돌리면 어떠한 부분에서 더 이로운지 말을 해주세요 전혀 납득안되는 답변입니다 공지를 띄우고 변경을 하시던지 암튼 구체적으로 설명해주세요
840,저 카카오톡 조작하다가 실수로 탈퇴 되벼렸는데 복구 가능한가요 \? 현질한거 다 날라갔는데 
841,"저희 집 와파가 엄청 빵빵하고 , 제 폰도 최신폰이에요 근데 인테넷 연결이 계속 안돼요 데이터를 켜도 안돼요"
842,아니제가로그인할때마다안된다해서 계정만들었더니인증실패하고보니까일부러안주네요 ! ! ! ! 
843,"저엉말 유용하게 잘 쓰고 있습니다 이체수수료 5회 무료 , 모든 은행 계좌조회 등 장점이 많은 앱이네요 근데 주거래 계좌를 최상단에 올릴 수 있게 순서 바꾸기 기능이 추가되면 좋겠습니다 "
844,"아니 검색할때 더어려워졌음 쓸때없이 돈벌라고 영화추가하지말고 원래 내가 스포츠소설 많이보는데 업데이트전에 야구치면76개인가 나오고 축구치면100개이상나왔는데 진짜 새로나온스포츠소설 하루에 6번은 찾는데 찾는게더 어려워지면 어떻함 아구 , 축구치는것도 간신히 알았는데 업데이트 않하기 전으로 돌아가고싶다"
845,해지하는게 이렇게 어려울수가 \? \? 만들때는없던게해지할때는 수두룩빽빽 계좌맘대로잠궈놓고 풀어달라니까 우편으로뭔서류를보내라마라 해지해달라니까 사진인증을해라 했는데 묵묵부답 해지언제해줌 \? 
846,5프로 예금 이벤트 땡하자마자 100억 마감 한도가 있긴했었나 의심스럽네요 
847,저기 이거 송금지원금 100원도 안 되게 친구한테 보내지내요 옛날엔 3000천원 보냈는데 그것좀 고쳐주세요
848,외국계 펀드 조회를 하면 금액이 아니라 보유좌수가 나옵니다 금액이 나왔으면 좋겠어여 다룬 펀드는 금액으로 잘 나오는것같은데 우리은행쪽만 그런지 다른데도 그런지
849,뭐 다들 이거 댓글알바라고생각할수도있지만 전 정말좋게썼오요
850,광고에 리턴투플레이어 80화 무료보고 다운받았으나 허 ! ! 위 ! ! 광고 임 역시 대기업 대기업한테 그만 우롱당하고싶다
851,진짜 뒷통수 오백대 맞은 느낌임 카카오보다 더 불편해졌음 진짜 빡침 그것때문에 북스에서 보던가 다 하차하고 싶어짐 진짜 별로임 제발 다시 원래대로 돌려놓으셈
852,짱 좋음 무료 만화 볼수있다는게 신기 함 만화 진짜 재밌음 ! ! ! 
853,카카오페이지 카톡계정말고 다른계정으로는 로그인 안되는건가요 \? 이거 불편하네요 전에 쓰던 카톡 계정으로 로그인 하려면 카톡 지우고 로그인 하고 해야되는거 같은데 방법 없나요 \? 
854,뭐 재밌는 웹툰들두 많구 다른 웹툰앱들에 비해서 별로 광고도 렉도 없어서 좋아요 굳 ! ! ! 
855,계속 기기변경 요구하는걸 고객 안드로이드버전 탓하는 카카오뱅크 조회 이체같은 기본적인 기능은 어느 버전에서도 되게끔 해야지 그냥 돈 다시 옮기고 이체는 토스를 이용하겠음 안드로이드 버전 때문에 이용불가능해지는 고객들 다 이탈할듯 그리고 김상준씨 폰으로 밖에 이용할 수 없는 인터넷뱅크가 안드로이드 버전 운운하면 안되죠 윈도우처럼 뭐 10년씩 쓰는 것도 아니고 버전이 1년에도 몇번씩 바뀌는데
856,오늘 아침부터 다른 계정으로 로그인을 할려고 하는데 계속 오루코드 a1 199라고 나옵니다 빨리 고쳐주세요 
857, 쓰라는건지 말라는건지 전에는 계좌만 등록하고 휴대폰인증만 하면 바로 쓸수있어서 좋았는데 갑자기 새마을금고 앱을 깔아서 인증을 하라네요 \? 집에서 맘편히 쓰려고 깐 앱인데 이렇게 되면 저는 은행까지 가서 서류준비해서 인터넷뱅킹 신청까지 해야 쓸수있게되는건가요 \? 새마을금고 계좌 쓰는 저는 앞으로 토스 못 쓰겠네요 그냥 귀찮게 신청할바에야 차라리 돈 보낼일 있을때마다 은행을 갈게요 
858,돈 모으기 기능 좋아요 소소하게 모아가지고 남자친구와 맛난거 사먹고 좋네요
859,토스 감사해요 울엄마 폰뱅킹 이런거 완전 어려워하셨는데 토스하고 이체하러 에이티엠기 안가셔요 
860,앱으로 인증하니 입력해야하는 정보가 적어져서 훨씬 편하네요 
861,내 신용과 은행거래를 한곳에서 랄수있어서 매우 만족합니다
862,계좌번호 몰라도 보낼수 있어 상당히 편함 카카오페이랑 비슷
863,타은행 거래시 수수료때문에 혹은 인증서 때문에 등등 불편한것들이 요거 하나로 해결된듯 합니다 한달 5회 무료가 안타까워서 아껴서 급할때 사용중이어요 
864,"26주 적금에서 매주 적금 금액이 납입되면 한 주마다 캐릭터가 생겼는데 , 업데이트 한 후 납입했는데도 캐릭터가 안 생기고 빈칸이 되는 경우가 있어요 이건 왜 이런건가요 \? 업데이트 하고 더 불편해진 것 같아요 "
865,만화에 들어가지도 않아요 핸드폰을 끄고 다시 키라고 해서 켰는데 또 않되고 꼈가 키는 걸 반복해오 않되요
866,"카카오뱅크도 제휴해주세요 편리하고 , 자산을 한 눈에 보고 관리하는 점 굉장히 좋습니다 작게 투자도 하고 있는데 만족스러워요 "
867,우리은행 비밀번호 바꾸라해서 바꾼다음에 다시계좌 정보 삭제하고 등록해도 비밀번호 틀렸다고 계속뜨고 진짜 어제오늘 하루종일 우리은행 홈페이지에서 로그인하고 토스에서 로그인실패하고 반복만 500번넘게했습니다 제발 어케 하주세요
868,우연히 알게되서 사용했는데 편함이 상상을 초월합니다 친구들한태 5000원 받으라고 소개해도 다들 불안하다고 사용을 안하네요 안정성에 대해 조금만더 홍보한다면 모두가 편리하게 사용할수 있을거같습니다 감사합니다 ! 
869,처음 써봐서 고생은 했지만 그건 시스템 문제가 아니라 토스기능을 몰랐던 제 불찰인 것 같습니다 굉장히 좋고 간편한 것 같네요 익숙해지면 더 편할 듯 합니다 
870,"이거 끝까지 무료인건 왜없나요 \? 있다고 해도 다 3회 , 5회 많으면 10회 무료 그리고 1회에 500이라니요 10회면 5000 100회면 50000이에요 너무 비싸단 생각 안드나요 \? 학생들은 마음대로 결제도 못하고 그러는데 너무 돈쓰라고 노골적으로 그러는거 같네요 이앱 진짜 돈많아서 쓸데없는 사람만 쓰라는 앱인거 같네요 깔지 않는게 좋아요 "
871,번번히 본인인증 하고 오류나면 다시 처음부터하고 공부는 해야겠는데 머리속에서 아 아까인증나서 또 다시해야대 아 라는 생각이 맴돌아서 공부 집중이안되고 그랬는데 인증앱설치후 번호만 간단히 입력하면되니까 간편하고 어플 잘사용 못하는 어르신들도 간편하게 사용가능할 것같아요
872,갑자기 팅기더니 느려져요 유튜브든 멜론이든 카톡이든 다 이상없이되는디 카카오페이지만 먹통되네요 지웠다가 다시깔아도 똑같고
873,근데 밤을 걷는 선비 업뎃한거 다 보고픈데 공짜는 안대겠져 \? 그래두 이런 앱 만들어 주셔서 감사합니다 
874,"토스를 정말 잘 사용하고있는 사람입니다 토스 앱 기능에대해서도 만족하고 있고요 하지만 가끔 지문인증하는 곳에 먼지가 쌓이거나 하면 지문인증이 잘 되지 않을 때가 있는데 , 5번이 연속으로 찍히더라고요 5번 연속으로 지문인증이 틀리면 앱이 잠기게 되는데 미성년자인 저는 인터넷 농협에 가입할 수 없고 , 동시에 이 앱을 이용할 수 없습니다 본인인증을 할 때에 다른 방법이 필요하다 생각합니다 "
875,아니 웹툰을 다 기무로 바꾸면 어떻해요 \? 참나 하루아침에 공지도 없이 웹을 싹다 기무로 바꿔버리네 그리고 새로운 화가 왜 안나오는거임 \? 다음편 보고싶어도 안나와서 살수도없고 애초에 캐시없는사람들은 \? 그냥 보지 말라는 거잖아 이럴꺼면 차라리 카카오페이지 접으셈 이거 안 바꿔주시면 나 카카오페이지 지워버릴꺼임 제발 바꿔주셈
876,대박 돈이들어간다 쭉쭉쭉쭉 추운데 밖에나갈필요 없이 방에서 만화감상 
877,토스를 사용하다 지우고 재설치했는데 ars전화인증후 인증완료가 되지않습니다 인증 완료중 떳다꺼졌다를 무한반복입니다 기종은v20입니다 
878,타계좌이체 수수료도 없고 주말에도 공짜로 월 20회까지 송금을 할 수 있다니 ! ! 심지어 한 번만 계좌 등록해놓으면 비밀번호로 간편하게 1분도 안돼서 송금을 할 수 있다니 ! ! ! 너무 좋습니다 심지어 24시간동안 하는 카톡 문의도 엄청 친절하고 재밌어요 앞으로도 계속 좋은 서비스 부탁드려요 토스토스
879,제발 전체다운로드 기능 추가랑 대여권 소장권 구분해서 쓸 수 있게 해줘요 기다무 말고 소장하고 싶은데 자꾸 기다무 써져서 짜증나요 그리고 일일이 한 회차 씩 다운 버튼 누르는 거 너무 오래걸리고 비효율적입니다
880,와이미테이션 인기쩐다 여기사진에도 나올정도면 대박 진짜 너무재밋어 웹툰들다넘 잼이야 
881,이번 토스카드 대응에 대해 실망했습니다 오히려 5000원 할인쿠폰을 증정하는게 오히려 더 괜찮은 이벤트였을거라 생각하구요 저는 어제 결제가 안된다 해서 카드결제 시도도 못해봤는데 이렇게 보상안으로 통수를 두번맞네요 기분나쁘기도해서 이렇게 리뷰합니다
882,급전 필요해서 아는 동생한테 바로 얻어썻네요 빠르고 편리합니다 굳
883,진짜 좋아요 매일 수수료 아까워서 죽을거같았는데 너무 좋네요 광고 같은것도 안뜨고 최고의 앱 ! ! ! 
884,나중에 갚을게 라는 말 보다 토스로 바로 전달하면 짱짱편함 
885,공이인증서 없이 사용가능해서 편리한데 내역 조회할려니 웬 공인인증서필오 하데 짜증 입빠이 짜증 이럴거면 왜만듬
886,다좋은대 어재저녁부터 갑자기 오류라로뜨거 책도못보개됏네요 오류는 언재 수정해주실껀가요
887,옛날에 개발자분들이 페북에 직접 광고하던게 엊그제같은데 머기업되셨네요
888,진짜 뽑기권 캐시 확률이 좀 이상함 최대 3만 \? 1만 \? 최대 100만이던 1억이던 뽑기권들 전부 최대 얼만큼 얻을 수 있다 거창하게 써놔도 해봐야 500캐시 까지밖에 뽑은적이 없음 최악이면 50캐시 줬고 심지어 대체 무료 캐시 얻는 곳에 영상보면 50캐시는 왜 있는거임 \? 쓸모가 없음 영상으로 캐시 얻는게 많은 것도 아니고 캐시충전에 50원 단위가 있는 것도 아니고 심지어 1천원 부터 충전 단위 시작 이벤트로 얻은 캐시 보관 기간이 긴 것도 아니고 희망고문이야 \? 뭐야 \? 소설도 1편에 100원인데 진짜 생각없이 저런것좀 안만들면 좋겠음
889,제가 통장으로 1원들어오면서 인증하라는 페이지에서 2번 오류가 나서 계정이 막혔는데 토스 관리팀에 문의하라는데 어떻게 문의가능한가요 \? 
890,이번 업데이트로 이벤트로 받은 쿠키는 사용이 힘들게 됬네요 이용권구매 가능하게 해주셨으면 좋겠습니다 이건 아니에요 
891,캐시슬라이스스텝업 설치했는데 캐시가 안들어와요 조치해주세요
892,아니 친구한테 돈을 보냈는데 친구한테는 돈도 안오고 제통장에서는 돈이 이미 나갔는데 그돈 대체 어디로간건가요 \? 
893,잘 썼었는데 토스는 뱅크사인 추가안합니까 \? 이제 공인인증서 만료되서 버리고 뱅크사인 이용하는데 계좌인증수단이 공인인증서뿐이네요 그리고 주계좌 설립 진행중에 신분증 인증이 계속 오류나네요 이거 언제고칠겁니까 저만 그런것도 아닌거 같던대요 갈아탑니다 빠이루
894,신한은행 홈페이지에서도 로그인이 되는 아이디와 비번을 사용해서 계좌 연동을 할려고 하는데 홈페이지에서 계속확인해보라면서 계좌연동이 안되는데 이거 어떻게좀 해주시면 안될까요
895,pass 인증 미 가입 고객입니다 pass app 다운로드 가입 후 이용 가능합니다 라고 뜨네요 전에 잘쓰던건데 갑자기 왜이럴까요 밑에 다른 사람댓글 읽고 했는데도 안되요 
896,"제가 판타지 같은걸 좋아하는데 정말 순정 , 드라마 종류별로 고를 수도 있고 , 다른데보다 완전 재미있는것 같네여 수업중에도 좋아서 완전 혼자서 긴장됩니다 넘 좋아서 긴잔되니 짜증날정도네요 \( 위에 짜증난단건 좋아 죽겠다는 뜻 입니다 \) "
897,제발 생각좀하고 말하세요 저같은 학생들은 보고싶어도 못봐요 그렇게 돈이많으시면 저희한테기부하시던가요 뭐만하면 그지라하지말고 마인드자체부터고쳐먹으세요 
898,사용방법이 너무 간편하고 쉽네요 그리고 내가 모르고있던 유익한 맞춤 정보를 한데 모아 보여주니 너무 좋네요
899,너무자주떠요 핸드폰재시작해도 안되서 맨날 지웠다깔았다를 반복해서 짜증납니다 서버안정화좀 
900,아 뭔 이런게 다있냐 캐시받으려고 앱을 깔거나 잗품을 봐도 캐시가 안들어온다 그리고 답좀해라 개발자야
901,"오늘 재난지원금 신청해야하는데 오류라면서 못하게 하시면 어떡합니까 \? \? 빨리 좀 고쳐주세요 , , , "
902,카카페로고가 p일 때부터 사용한 유저입니다 편하고 디자인도 깔끔해요 아쉬운 점은 결재수단이나 e pub 뷰어 쓰는 작품이 늘었으면 좋겠어요 ! 
903,아니 인증전화하고 위에 누르라고해서 봤더니 안됨 낼 다시하래 만원 날림 개빡치네
904,심심할때 웹툰보면 좋아요 웹툰이 화질도 좋고 아주 좋아요 ! 
905,무한 업데이트 로딩 개빡치네 장난침 \? 그냥 문자인증 쓰고맘
906,띠비 일요영화를 보라는건지 말라는건지 ui드립게 힘들게 만들어 놯네 만들어 놓고 니들이 써봐라 그으지 같아
907,최고입니다 안전하다고 하는데 사실 송금이 이렇게 쉬워서 좀 불안하긴 합니다 아이폰으로 사용 할때는 계좌를 복사하면 자동으로 연결이 안되었는데 안드로이드로 사용하니 바로 입력이 되네여 좋아요 안전안전안전 한 금융앱이 되길바랍니다
908,영화 서비스 시작하고부턴 온갖 오류투성이 당장 영화도 라이센스 오류로 재생이 안되는데 고칠 생각을 안한다
909,이거 편당 가격이나 무료이용권은 작가나 출판사가 설정하는겁니다 애꿎은 카카오 욕 하지 마삼 
910,나이를 먹은 사람도 쉽게 사용할 수 있다는게 참 좋은 것 같습니다
911,너무 편하고 수수료없어 좋아요 아시는분들도 다 사용하더라구요
912,윙 카카오 페이지통해 다운 받고 10렙 달성 했는데 왜 캐쉬 안줌 \? 
913,아니 3월의 페이지 10편 봐서 1000캐쉬 뽑기권 뽑을라고 하는데 하기만 하면 계속 로딩중이고 이건 캐시 뽑으란건지 말란건지 모르겠다
914,"회원가입이나 여기저기에 인증할 일이 많은데 간편해서 좋네요 ! 앱이 무겁다는 평이 많은데 , 그점은 저는 잘 못느끼겠어요 "
915,제가 문의하니까 되게 빠르게 답변도되고 간편해서 너무너무 좋아요 자주자주 애용하겠습니다 
916,아 제발 카카오페이지도 수신거부설정기능 만들어주세요 진짜 미칠거같아요 제발 수신거부 할수있게 해주세요
917,갑자기 로그인이 안됨 제거하고 다시 설치해도 카카오계정으로 로그인안됨 어제까지 사용했음 무슨일이죠 \? 
918,항상 매우 만족으로 쓰고있어요 사용도 편하고 너무 좋아요
919,근데 공짜는안돼겠죠 \? 일딴좋긴좋네요 \( 근데 조금느리네요 \) 
920,오류가 장난 아니네요 돈 주고 구입한 책의 페이지가 절반 가까이 날라갔어요 
921,근데 개인정보는 보호가잘되는지모르겟는데 런거빼면 편리하고 유용한거같음
922,진짜 싫네요 이때까지 보던 것들 다 기무로 바뀌고 너무하신거 아닙니까 \? 정말 실망입니다 다신 카카오페이지 까는 일 없을 것 같네요
923,아무리 스마트폰으로 편하데 본다지만 진짜 비싸도 너무 비싸다 무료로 1편정도는 보여주고 재밌어서 결제할려고보면 너무 비싸게 받아먹는생각이 듬 
924,너무편하고 금융정보를 한눈에 볼수있어 좋아요 짱 ! ! ! 
925,만화와 소설 모두 잘보고있어요 ! 그런데 소설볼때 테마같은걸 설정해서 흰바탕에 검은글씨말고 여러 다른색으로 해서 볼수있으면 더 좋을거같아요 ! 
926,와 내가 이전에글올린거 고쳤긴한데 바로 다시 복귀 이게 말이되나 그리고 이벤트했는데도 캐시가 안오고 지금 캐시 정상적으로 받았으면 500캐쉬 줘야한다 ! 
927,아니 웹소설 할인쿠폰 대여시 볼수있다면서 왜 미성년자는 법적대리인 동의해야되냐 진짜 미성년자는 죄지었나 남의돈도 아니고 자기가 출첵해서 모은 할인쿠폰인데 왜 마음대로 못쓰죠 \? 이럴거면 성인할인쿠폰이라고 만들지그러죠 \? 
928,진짜 다 좋은데 캡쳐가 안되요 캡쳐되면 별점 다 드릴수 있습니다 진심이에요
929,가계부쓰는걸 극도로 싫어하는데 알아서 소비 분석해주는게 너무 편하네요
930,재미있는 웹툰이랑 소설도 있고 이벤트도 자주 열여서 보기 쉬워요
931,허구한 날 페북광고 올라오는 것 보곤 별로일거라 생각했는데 막상 써보니 정말 편합니다 
932,출퇴근시간에 휴대폰을 많이보다보니 인증받을때도 많은데 매번 개인정보적고 인증받고하기가 매우 번거로웠는데 kt인증앱설치후 매우편하게 시간도 줄여주고 잘사용하고있습니다
933,"토스 토스 말은 많고 들어보기도 많이 들어봤지만 , 좀 믿음직스럽지 않아 여태 무시했어요 근데 알아보니 보안 측면도 좋아 안전하고 , 특히 토스카드 발급하면서 쓰고 있어요 이게 쓰다보니 편리하기도 하고 , 몇 백원이지만 쏠쏠하게 캐쉬백이 되서 재밌네요 앞으로도 계속 쓸거 같아요 다른것도 중요하겠지만 항상 항상 ! 보안에 신경써주세요 "
934,매달 고정으로 나가는금액을 보내는건 참 편리해요 ! ! 상대방 계좌를몰라도 보낼수잇어 좋습니당
935,제 핸드폰이 맛간건지 엑박이 뜨구만유 제대로 볼수있는게 없어유 저는 이대로 초코만 날아가는건가유 \? 제가 뭘해야하나유 슬프구만유
936,인터넷뱅킹 필요없이 모든은행 통합적으로 사용가능하니까 편리하고 좋아요
937,카카오톡에서 보려면 조금 빆에 안 보여 지네요 안 다운받아도 되는데 
938,행운퀴즈등 소소하게 이벤트식으로 토스머니 벌수있어 좋아요 그런데 lg x400는 토스만보기가 지원되지않는 폰으로 나오는데 만보기될 수 있게 업그레이드해주세요 
939,이체가 간편해서 좋긴한데 넘 편리하니 보안이 걱정되긴 하네요 
940,업데이트 후 실행 조차 안되는데 왜 업데이트 하는지 다시 업데이트 후 실행은 되는데 다운 받아 놓았던 만화 전부 다시 다운 받아야 하니 참 
941,개발자야 받는 사람입장에서 토스했습니다 이걸 보고 입금했다는 소린지 알아들을 수 있겠냐 \? 생각좀하고 만들어라 마케팅한답시고 이용 불편하게 하고 욕먹게 하지말고 깔았다가 바로 지운다 
942,소설 이미지로 찍어서 올린거 실화인가 싶네요 글씨크기 조절도 안되고 다크모드 \? \? 시리즈에 한참 못미치는데 이딴걸 인프라라고 만든건지
943,앱이 실행이 안되네요 자세한 증상은 앱이 실행이 되고 toss 라는 글은 뜨는데 그 다음부터 안넘어갑니다 그리고 다시 실행시키면 파란 하면에서 멈춥니다 
944,서비스이용에 필요한 데이터생성이 않되었다고 확인버튼 누르면 나갑니다 참고로 kt인증 유심 다 새로 삭제하고 다시 설치를 여러번 했어요 이 프로그램의 문제는 아닌가요 인증에 실패했다라는 메세지도 계속 뜹니다 
945,제가 분명 8gb남앗는데 저장공간이 없어서 들어갈수 없다네요 뭐죠
946,진짜 토스 쓴 이후로 송금이 얼마나 간편해졌는지 모르겠네요 방금 카카오톡 문의 간편하게 하고 나서 진짜 마음에 들어서 생전 처음 리뷰쓰고 있네요 진짜 강추합니다
947,웹툰 볼라고 재미없는게임 20분투자해가면서 해왔더니 캐시를 안주네 장난하는것도아니고 캐쉬프렌즈 캬시 미지급 개선좀 제발
948,"링크로 보내진 당첨금 뽑기를 해서 5천원이 나왔길래 토스 앱을 깔았는데 , 시간이 전부 지나지 않았음에도 불구하고 당첨금이 0원으로 되어있네요 기껏 뽑기해서 당첨하고 앱까지 깔았는데 리셋시키는 건가요 \? \? \? \? 토스 많이들 쓰길래 괜찮겠거니 했는데 실망이네요 "
949,이미 설치 되어있고 사용중 인데 인증요청 후 다음단계진행이 안되는게 참 답답하네요 어느순간부터 인증진행안되는게 왜 이러는걸까요 요청 앱에서는 계속 인증하라하고 폭하고나면 인증내역 문자로 겨속 날아오고 뭐하는건지 삭제후 재설치해도 마찬가지 33
950,"그냥 뭐 솔직히 말하자면 네이버가 더 좋은 것 같아요 카카페는 이렇다할 대작이나 장기연재 하는 작품도 없구 볼만한 웹툰들은 거의 다 아니 , 몽땅 기다무이고 웹툰들은 다 다른 곳에서 연재하는 거고 전 솔직히 다음이나 네이버가 훨씬 좋은 것 같아요 "
951,책들을 결제하고 보려고 하니깐 아무것도 안되네요 한권이 아니라 같이 결제한 3권모두 안되고 돈은 돈대로 쓰고 급하게 읽어야 되서 조급한데 이렇게 되니 사람 놀리는 것같고 화가 나네요 도대체 열리지 않는 이유가 뭔가요 내 서재에는 뜨는데 그게 전부입니다 안열려요 보기를 누르면 다운로드가 됐다고 하면서 이어보기 창이 뜨는데 예를 누르던 아니오를 누르던 문서를 찾을수 없다고 하네요 결제는 똑바로 된것같은데 마일리지가 사라졌으니 왜 이러는 거죠 \? 
952,카드와는 어떻게 연계되는지 잘 몰라 그 방향으로는 사용하지 않고 있습니다 
953,수수료 정책이 왜 바뀐거죠 \? 채우기랑 옮기기가 횟수가 차감된다니요 \? 안그래도 경남은행에서 토스계좌로 채울때는 한번에 50만원밖에 안되서 여러번 해야 할 때가 있는데 채우기 3회 무료는 왜 없어진거죠 아니면 경남은행 송금제한금액을 없애던가 수수료가 붙는 일이 많아진다면 굳이 사용할 이유가 없어지는데요
954,supuer easy and convience to use i greatly recommend it 
955,toss계좌가 아닌 다른 은행 계좌로 계좌 연결 후 내역 확인하기를 하려 하는데 파란화면만 뜨고 아무것도 되지 않네요 
956,송금이 편한점이 가장 좋네요 그외에도 투자할만한 내용이 많아서 그것도 좋아요
957,버그를 고쳤나 \? 이상없이 편하게 사용할 수 있게 되어서 별 5개를 주려고 수정했다 
958,모든 면에서 마음에 듭니다 특히 수수료면에서 굉장히 마음에 듭니다 수수료 면제횟수를 더 늘려주시면 안되나요 \? \? 
959,신분증 자동촬영에 한시간 걸렸다 손목터널증후군 걸릴뻔했다 앵간히해라 잘나간다고 어플 개같이 만들어놨네
960,처음에 아이폰유저들이 지문인식으로 간편히 돈보내는거보고 깔앗는데 안드로이드가 안돼서 아쉬웠었슴당 근데 이제 안드로이드도 지문인식돼고 정말편하네요 ! 
961,왜 최신 26편인가 27편인가는 기다리면무료가안되나요 그러면서 먼 3일단위로보래 어처구니없네진짜
962,지인소개로 알게됐는데 진짜진짜 편해요 물론 해킹이나 통장털릴까봐 걱정은 되긴하는데 좋네요
963,하다하다 이제는 여혐작을 오질나게 홍보하네요 \? 왕딸 연중시키세요
964,완전안조흠 내폰 완전 최신폰 이구 바로 어끄제 사서 이거 깔았는데 완전느림
965,앱 설치가 안된다 전화 통화 후에 숫자 입력 화면에서 숫자키가 활성화 안돼서 설치가 안됨 개발자의 무지거나 사용자 테스트도 안하고 업데이트 버젼만 만듬 
966,왜 캐리비안 해적 게임 레벨 10달성 했는데 캐시를 안주는거임 \? 문의 메일도 2번씩이나 보냈는데 답장 해주지도 않음 네이버 시리즈는 문의 메일 보내면 최소 2일내에는 답장 도착하고 바로 쿠키 지급해주는데 뭐하는거임 \? 문의 보내면 답장도 안해주고 가독성도 구린 어플 쓰느니 걍 네이버 시리즈 씀
967,"다른 소설 사이트에서 같은 소설을 보는데 무료로 보는 편수도 더 많아서 넘어왔습니다 양질의 소설과 만화가 많고 , 일반문학작품도 있어서 도서관에서 빌려보려다 이걸로 본 것도 꽤 있어요 ! 정말 잘쓰고있어요 ! ! ! "
968,뭔 갑자기 보던게 계속 뜨지도 않고 오류나고 로그인도 안돼고 연결도 안돼고 정보 찾을수없고 뭡니까 \? 
969,티머니로 결제해서 사용하는데요 전화번호 쓰는칸에 실수로 번호하나를 잘못써서 1000원이 나가 버럇어요 이건 환불 불가능한가요 \? \? 
970,스마트폰으로도 hwp등의 파일을 열 수 있는 것이 참 편하다 
971,기다리면 무료로 본건 회색으로 되더만 선물하면 무료로 본 건 안본거랑 똑같이 되있네 장난치나
972,자잘한 시간들을 절약하다보면 취미생활 할 수 있는 시간이 좀이라도 확보되겠죠
973,굿 매우 신속하고 편리성 높음 신용등급 확인 가능하여 매우 좋음
974,급해죽겠는데 otp 고장나서 바로 다운 받았어요 완전편합니다
975,결제한거 보려고 별의별짓을 다했는데 모레시계만 계속돌고 작품은 뜨지도 않네요
976,가면 갈수록 별로네 국민이 야용해주는 어플이라고 이젠 제대로 관리도 안하네 그러다가 망하는거 한슌간이다 똑바로 해라
977,본인 은행 지원 안된다고 별점 낮게 주는 분들이 있네요 토스회사 권한이 아닌데 저는 너무 잘쓰고 있습니다 이체할 일이 많은데 수수료 면제가 20회 제한이라 아껴써야 하지만 정말 편한 어플이에요
978,제가 토스머니로 돈빌려주고 폰고장나서 탈퇴하고 다시 만들엇는데 내역이없어서그런데 복구가능할까요
979,"프렌즈팝콘을 설치하고 로그인 했는데 캐시를 못 받았았습니다 2번이나 재설치하고 했는데도 그러네요 물론 이벤트 캐시 받기 전에 설치했었던 적도 없었구요 어플 자체에 대해서는 \( 기능 , 컨텐츠 \) 대단히 만족합니다 "
980,카드잔액을 이젠 쉽게알수잇고 거래도 쉽게 비번하나로땡쳐서 너무편해요 추가로 업데이트를 봣는대 본인이 가지고잇는 카드도 등록은 할수잇게햇는대 제껀 아직 등록을못하네요 앞으로 더 발전하길 기대합니다 
981,폰 업데이트하고 루팅어쩌고하면서 실행 안되시는 분들 카카오뱅크 삭제하고 다시깔아서 인증하면 실행됩니다 
982,광고만 나오고 화면이 멈춰서 움직이질 않네요 캡쳐화면 첨부는 어떻게 하나요 \? 이걸 쓰라고 만든건가요 \? 
983,오늘부터 계속 강제종료되네요 삭제하고 다시 설치했는데도 안됨니다 뭐가 문제인지 모르겟네요 당황스럽네 
984,"이번에 업데이트된 인터페이스 상당히 불편하네요 이전버전이 더 간단하고 편리했어요 웬만하면 이런거 안쓰는데 , 왜 이렇게 업데이트 되었는지 모르겠네요"
985,너무 편해요 보내는사람 통장에 메모는 남길수 없을까요 \? 돈은 보냈는데 뭐때문에 보냈는지 기록 남겨야되는데 
986,다운로드 너무 느리고 새 작품보려고하면 다운로드가 안 돼요 다른 앱에 2000페이지 넘어가는 이북을 봐도 이렇게까진 안걸려요 아래 읽어보고서 데이터도 삭제해보았습니다 근데 또 어거지로 다운받은 건 다 삭제되있고 오류는 또 생기고 와 오류 데이터삭제 다시 다운로드 받음 오류 끔찍한 악순환 첨에 별점 왜이러지 했는데 2점도 나쁘지않은별점이네요 웹툰앱은 괜찮던데 왜이랬대 \? 그냥 웹으로만 보겠습니다
987,제가 번호를 바꾼다고 한 번 탈퇴하고 변경된 번호로 새로 하려니까 다른 기기에서 사용중이라고 뜨며 아예 계정 로그인도 생성도 안 되더라구요 어떻게 해결하면 되나요 \? 
988,아니 왜 토스가 안들어가지죠 \? 갑자기 계정에 문제있다는데 뭔말이죠 고객센터에 문의해도 안되고 진짜 답답하네요 재설치후 비번입력하는데 그 이후로 진행이 안되고 토스 껏다 키면 자꾸 문의하라네요 고객센터는 항상 전화중이고
989,웹툰 보는 게 세상에서 제일 재밌는 저인데 1년 전 쯤에 이거 깔았는데 인터페이스가 너무 구리고 웹툰이나 기무 작품들이 취향에 맞는 게 하나도 없어서 삭제했었는데 얼마전에 다시 깔았더니 그동안 여러번 패치가 된 건지 인터페이스도 깔끔해지고 웹툰과 기무 작품의 질이 상당히 높아져서 만족스러워요 게다가 이건 캐시이벤트도 종종 하니깐 이젠 오히려 다른 웹툰 플랫폼보다 더 자주 찾게 되고 좋아요 
990,아니 제가 캐시 받을려고 앱을 다운 받는데 막 안깔았는데도 안되고 깔았는데도 안되는데 뭘하란거죠 \? 
991,게임을 깔고 실행하래서 했는데 1시간째 캐쉬가 않오네요 어떡해 좀 해주세요 ! ! ! ! ! ! ! ! 진짜 짜증 납니다
992,인증때마다 이것저것 입력하라는게 많아 불편했는데 그런 절차 없이 간편하게 인증할수 있어 좋아요 유용하게 잘 쓸께요 
993,이거 진짜 재밌게 보고있구 내용 거의 끝까지 다 봐가는것도 있었는데 실수로 지워버렸어요 
994,맨돈질로 보는거네요 그치마뉴한회에 구입하는건 아니라고봐 만화카페에서 볼란다
995,우리은행을 주거래로쓰고잇는데 우리은행은 추가안되나요 \? 
996,제핸드폰기종이 폴더폰인데 폴더폰으로 등록이 안되나요 \? 꼭 이 스마트폰번호가 잇어야되나요 \? \? 10대들중에 저처럼 공기계 쓰는사람많은데 이용어케하라고 
997,갤럭시에도 얼굴인식으로 잠금이 해제 할 수 있게 추가 해주셨으면 좋겠습니다 
998,5천원 종일권으로 좀 해주세요 아님 편당 페이지수를 늘려 주시던가
999,이거제가이모티콘받을수있게할려고2월전에 했는데안와요제작자님확이좀여
